id,name,price,imagePath
1,Marvin Gaye: What's Going On,942.4,http://dummyimage.com/143x100.png/cc0000/ffffff
2,"Year of Living Vicariously, The",866.26,http://dummyimage.com/205x100.png/cc0000/ffffff
3,I Woke Up Early the Day I Died,394.22,http://dummyimage.com/246x100.png/5fa2dd/ffffff
4,Martín (Hache),740.04,http://dummyimage.com/109x100.png/cc0000/ffffff
5,Dinosaur 13,153.33,http://dummyimage.com/240x100.png/ff4444/ffffff
6,Macario,418.72,http://dummyimage.com/178x100.png/cc0000/ffffff
7,Main Prem Ki Diwani Hoon,762.41,http://dummyimage.com/137x100.png/5fa2dd/ffffff
8,"Yor, the Hunter from the Future",933.14,http://dummyimage.com/194x100.png/5fa2dd/ffffff
9,Romanzo Criminale,656.63,http://dummyimage.com/231x100.png/ff4444/ffffff
10,Intimate Strangers (Confidences trop intimes),110.58,http://dummyimage.com/131x100.png/5fa2dd/ffffff
11,Separate Lies,904.92,http://dummyimage.com/167x100.png/dddddd/000000
12,Anazapta (Black Plague),611.98,http://dummyimage.com/237x100.png/5fa2dd/ffffff
13,Star Trek IV: The Voyage Home,635.14,http://dummyimage.com/209x100.png/dddddd/000000
14,Jungle Book,637.44,http://dummyimage.com/239x100.png/5fa2dd/ffffff
15,Jekyll & Hyde... Together Again,354.37,http://dummyimage.com/152x100.png/dddddd/000000
16,Saw III,771.33,http://dummyimage.com/209x100.png/cc0000/ffffff
17,"Nick Carter, Master Detective",108.16,http://dummyimage.com/169x100.png/5fa2dd/ffffff
18,Summer School,167.21,http://dummyimage.com/188x100.png/dddddd/000000
19,"Acadia Acadia?!? (L'acadie, l'Acadie)",896.18,http://dummyimage.com/237x100.png/cc0000/ffffff
20,Shanghai Ghetto,207.62,http://dummyimage.com/183x100.png/cc0000/ffffff
21,"Four, The (Si da ming bu)",236.73,http://dummyimage.com/247x100.png/5fa2dd/ffffff
22,Triangle (Tie saam gok),511.71,http://dummyimage.com/159x100.png/ff4444/ffffff
23,Never Ever! (Nigdy w zyciu!),937.45,http://dummyimage.com/203x100.png/cc0000/ffffff
24,"Wrath of God, The",630.52,http://dummyimage.com/135x100.png/ff4444/ffffff
25,Hercules and the Circle of Fire,195.11,http://dummyimage.com/192x100.png/ff4444/ffffff
26,Darling Companion,18.53,http://dummyimage.com/139x100.png/dddddd/000000
27,Sahara,698.6,http://dummyimage.com/171x100.png/dddddd/000000
28,Father and Guns (De père en flic),532.31,http://dummyimage.com/149x100.png/ff4444/ffffff
29,Alone in the Wilderness,222.28,http://dummyimage.com/228x100.png/5fa2dd/ffffff
30,Among Us (Onder Ons),650.64,http://dummyimage.com/190x100.png/5fa2dd/ffffff
31,The Forest,100.12,http://dummyimage.com/249x100.png/cc0000/ffffff
32,Fly Away Home,846.35,http://dummyimage.com/105x100.png/ff4444/ffffff
33,8:46,27.42,http://dummyimage.com/226x100.png/dddddd/000000
34,Liz & Dick ,391.54,http://dummyimage.com/248x100.png/ff4444/ffffff
35,Wanted: Dead or Alive,476.9,http://dummyimage.com/179x100.png/ff4444/ffffff
36,"Searchers, The",109.57,http://dummyimage.com/141x100.png/5fa2dd/ffffff
37,Children of Hiroshima (Gembaku no ko),791.94,http://dummyimage.com/140x100.png/dddddd/000000
38,Shining Through,805.07,http://dummyimage.com/163x100.png/5fa2dd/ffffff
39,Secrets & Lies,759.4,http://dummyimage.com/150x100.png/ff4444/ffffff
40,Evolution,721.49,http://dummyimage.com/160x100.png/ff4444/ffffff
41,"Squaw Man, The",566.14,http://dummyimage.com/162x100.png/cc0000/ffffff
42,Missile to the Moon,414.07,http://dummyimage.com/181x100.png/ff4444/ffffff
43,"Trip, The",281.5,http://dummyimage.com/105x100.png/ff4444/ffffff
44,The Fifth Season,574.96,http://dummyimage.com/123x100.png/ff4444/ffffff
45,"Day the Universe Changed, The",968.85,http://dummyimage.com/175x100.png/dddddd/000000
46,Milarepa,983.24,http://dummyimage.com/183x100.png/cc0000/ffffff
47,Marci X,892.34,http://dummyimage.com/163x100.png/cc0000/ffffff
48,"Fortune, The",618.84,http://dummyimage.com/208x100.png/cc0000/ffffff
49,Red Like the Sky (Rosso come il cielo),791.87,http://dummyimage.com/123x100.png/5fa2dd/ffffff
50,Craig's Wife,908.54,http://dummyimage.com/226x100.png/5fa2dd/ffffff
51,"Low Down Dirty Shame, A",397.76,http://dummyimage.com/239x100.png/5fa2dd/ffffff
52,"Bikini Carwash Company, The",442.08,http://dummyimage.com/148x100.png/5fa2dd/ffffff
53,Valmont,488.29,http://dummyimage.com/156x100.png/ff4444/ffffff
54,Stella: Live in Boston,798.78,http://dummyimage.com/139x100.png/5fa2dd/ffffff
55,Mr. Nice,239.32,http://dummyimage.com/191x100.png/cc0000/ffffff
56,V/H/S: Viral,689.26,http://dummyimage.com/136x100.png/ff4444/ffffff
57,Five Fingers,212.21,http://dummyimage.com/133x100.png/cc0000/ffffff
58,Yumeji,610.29,http://dummyimage.com/148x100.png/cc0000/ffffff
59,Archie To Riverdale and Back Again,906.31,http://dummyimage.com/184x100.png/dddddd/000000
60,"Chorus, The (Hamsarayan)",285.58,http://dummyimage.com/227x100.png/dddddd/000000
61,Pollock,307.24,http://dummyimage.com/139x100.png/cc0000/ffffff
62,Frenzy,141.29,http://dummyimage.com/240x100.png/dddddd/000000
63,Nighthawks,161.25,http://dummyimage.com/137x100.png/cc0000/ffffff
64,"Naked Civil Servant, The",573.9,http://dummyimage.com/189x100.png/5fa2dd/ffffff
65,War of the Robots (La guerra dei robot),509.9,http://dummyimage.com/189x100.png/ff4444/ffffff
66,Conviction,21.48,http://dummyimage.com/188x100.png/ff4444/ffffff
67,Sherlock Holmes: Terror by Night,611.35,http://dummyimage.com/186x100.png/5fa2dd/ffffff
68,Presenting Lily Mars,625.7,http://dummyimage.com/145x100.png/cc0000/ffffff
69,Head in the Clouds,338.76,http://dummyimage.com/126x100.png/5fa2dd/ffffff
70,Under Our Skin,113.56,http://dummyimage.com/240x100.png/5fa2dd/ffffff
71,Bee Movie,956.92,http://dummyimage.com/186x100.png/cc0000/ffffff
72,Somewhere in the City,916.96,http://dummyimage.com/178x100.png/5fa2dd/ffffff
73,Cold Souls,421.53,http://dummyimage.com/159x100.png/5fa2dd/ffffff
74,"Siffleurs, Les (Viheltäjät)",686.18,http://dummyimage.com/174x100.png/cc0000/ffffff
75,Pekka ja Pätkä lumimiehen jäljillä,361.79,http://dummyimage.com/162x100.png/5fa2dd/ffffff
76,"For a Good Time, Call...",533.79,http://dummyimage.com/135x100.png/dddddd/000000
77,You Only Live Twice,236.98,http://dummyimage.com/119x100.png/5fa2dd/ffffff
78,"Final Inquiry, The (Inquiry, The) (inchiesta, L')",628.42,http://dummyimage.com/110x100.png/cc0000/ffffff
79,Samaritan Zatoichi (Zatôichi kenka-daiko) (Zatôichi 19),495.94,http://dummyimage.com/165x100.png/5fa2dd/ffffff
80,Dead Awake,914.08,http://dummyimage.com/194x100.png/5fa2dd/ffffff
81,Cradle Will Rock,615.87,http://dummyimage.com/229x100.png/5fa2dd/ffffff
82,The Virginian,184.38,http://dummyimage.com/127x100.png/ff4444/ffffff
83,"Sundowners, The",251.81,http://dummyimage.com/100x100.png/ff4444/ffffff
84,Handsome Harry,388.92,http://dummyimage.com/203x100.png/ff4444/ffffff
85,Clueless,481.05,http://dummyimage.com/170x100.png/cc0000/ffffff
86,Ikigami,104.11,http://dummyimage.com/170x100.png/5fa2dd/ffffff
87,Inherent Vice,789.65,http://dummyimage.com/131x100.png/cc0000/ffffff
88,NATO's Secret Armies (Gladio: L'esercito segreto della Nato),909.46,http://dummyimage.com/116x100.png/5fa2dd/ffffff
89,Beowulf,443.49,http://dummyimage.com/191x100.png/5fa2dd/ffffff
90,Two Lives (Zwei Leben),975.52,http://dummyimage.com/105x100.png/ff4444/ffffff
91,"Deal, The",845.11,http://dummyimage.com/209x100.png/5fa2dd/ffffff
92,Raging Phoenix (Deu suay doo),832.59,http://dummyimage.com/217x100.png/dddddd/000000
93,Playing from the Plate (Grajacy z talerza),129.61,http://dummyimage.com/184x100.png/ff4444/ffffff
94,Better This World,930.31,http://dummyimage.com/241x100.png/5fa2dd/ffffff
95,Silent Movie,839.46,http://dummyimage.com/170x100.png/ff4444/ffffff
96,Inkheart,97.41,http://dummyimage.com/192x100.png/5fa2dd/ffffff
97,Zen Noir,381.3,http://dummyimage.com/200x100.png/dddddd/000000
98,Forsaking All Others,250.05,http://dummyimage.com/222x100.png/ff4444/ffffff
99,Defiance,329.16,http://dummyimage.com/136x100.png/cc0000/ffffff
100,Swedish Auto,83.3,http://dummyimage.com/199x100.png/cc0000/ffffff
101,Dying of Laughter (Muertos de Risa),290.98,http://dummyimage.com/199x100.png/cc0000/ffffff
102,House of Sand (Casa de Areia),174.82,http://dummyimage.com/246x100.png/5fa2dd/ffffff
103,Tadpole,980.56,http://dummyimage.com/218x100.png/5fa2dd/ffffff
104,"Uninvited, The",285.43,http://dummyimage.com/240x100.png/ff4444/ffffff
105,"Mouse on the Moon, The",847.33,http://dummyimage.com/117x100.png/cc0000/ffffff
106,Ice Age 4: Continental Drift,64.96,http://dummyimage.com/213x100.png/5fa2dd/ffffff
107,Impromptu,269.74,http://dummyimage.com/222x100.png/dddddd/000000
108,Beyond the Clouds (Al di là delle nuvole),473.66,http://dummyimage.com/203x100.png/ff4444/ffffff
109,El Dorado,417.3,http://dummyimage.com/199x100.png/cc0000/ffffff
110,"Mole People, The",648.82,http://dummyimage.com/234x100.png/cc0000/ffffff
111,Three Kingdoms: Resurrection of the Dragon (Saam gwok dzi gin lung se gap),333.55,http://dummyimage.com/165x100.png/ff4444/ffffff
112,Alien Hunter,494.58,http://dummyimage.com/201x100.png/ff4444/ffffff
113,Palo Alto,501.93,http://dummyimage.com/160x100.png/5fa2dd/ffffff
114,Saints and Soldiers: Airborne Creed,103.02,http://dummyimage.com/236x100.png/5fa2dd/ffffff
115,Hanzo the Razor: Sword of Justice (Goyôkiba),729.33,http://dummyimage.com/148x100.png/ff4444/ffffff
116,"Haunting, The",993.11,http://dummyimage.com/134x100.png/dddddd/000000
117,Captivity,230.89,http://dummyimage.com/149x100.png/dddddd/000000
118,"Wild One, The",567.27,http://dummyimage.com/140x100.png/5fa2dd/ffffff
119,"Hound of the Baskervilles, The",865.9,http://dummyimage.com/206x100.png/5fa2dd/ffffff
120,Luv,142.97,http://dummyimage.com/120x100.png/5fa2dd/ffffff
121,"Four Feathers, The",746.81,http://dummyimage.com/112x100.png/5fa2dd/ffffff
122,Thunder Rock,471.54,http://dummyimage.com/139x100.png/5fa2dd/ffffff
123,Destroy All Monsters (Kaijû sôshingeki),917.59,http://dummyimage.com/185x100.png/cc0000/ffffff
124,Peggy Sue Got Married,988.33,http://dummyimage.com/194x100.png/dddddd/000000
125,Excuse Me for Living,204.84,http://dummyimage.com/130x100.png/ff4444/ffffff
126,Ed Wood,730.49,http://dummyimage.com/194x100.png/5fa2dd/ffffff
127,Caught,387.97,http://dummyimage.com/107x100.png/ff4444/ffffff
128,Hellraiser: Hellseeker,558.04,http://dummyimage.com/112x100.png/dddddd/000000
129,Once Upon a Time in Phuket (En gång i Phuket),499.73,http://dummyimage.com/151x100.png/cc0000/ffffff
130,Captive (Cautiva) ,166.18,http://dummyimage.com/157x100.png/cc0000/ffffff
131,Fear of a Black Hat,480.17,http://dummyimage.com/232x100.png/ff4444/ffffff
132,At the Devil's Door,891.47,http://dummyimage.com/164x100.png/cc0000/ffffff
133,Margaret Cho: Assassin,744.58,http://dummyimage.com/145x100.png/cc0000/ffffff
134,Under Siege,180.2,http://dummyimage.com/223x100.png/ff4444/ffffff
135,Series 7: The Contenders,53.58,http://dummyimage.com/110x100.png/dddddd/000000
136,Empire,534.83,http://dummyimage.com/159x100.png/5fa2dd/ffffff
137,Dragon Ball Z: Broly Second Coming (Doragon bôru Z 10: Kiken na futari! Sûpâ senshi wa nemurenai),571.04,http://dummyimage.com/164x100.png/5fa2dd/ffffff
138,Mr. Pip,309.48,http://dummyimage.com/105x100.png/ff4444/ffffff
139,"Hasty Heart, The",441.03,http://dummyimage.com/247x100.png/cc0000/ffffff
140,Oklahoma!,13.96,http://dummyimage.com/232x100.png/dddddd/000000
141,San Quentin,637.86,http://dummyimage.com/184x100.png/dddddd/000000
142,Apartment for Peggy,367.15,http://dummyimage.com/230x100.png/dddddd/000000
143,Head Over Heels,971.49,http://dummyimage.com/210x100.png/5fa2dd/ffffff
144,"Big White, The",741.7,http://dummyimage.com/181x100.png/cc0000/ffffff
145,Life is a Miracle (Zivot je cudo),637.07,http://dummyimage.com/164x100.png/5fa2dd/ffffff
146,Running Scared,365.86,http://dummyimage.com/151x100.png/cc0000/ffffff
147,I Was A Communist for the FBI,608.35,http://dummyimage.com/175x100.png/5fa2dd/ffffff
148,Thesis (Tesis),470.23,http://dummyimage.com/192x100.png/5fa2dd/ffffff
149,Bathory,139.05,http://dummyimage.com/222x100.png/ff4444/ffffff
150,Breathing Room,394.16,http://dummyimage.com/119x100.png/5fa2dd/ffffff
151,Konopielka,345.94,http://dummyimage.com/227x100.png/ff4444/ffffff
152,Breakin' All the Rules,496.56,http://dummyimage.com/231x100.png/5fa2dd/ffffff
153,Futurama: Into the Wild Green Yonder,706.41,http://dummyimage.com/249x100.png/5fa2dd/ffffff
154,"Average Little Man, An (Un borghese piccolo piccolo)",644.6,http://dummyimage.com/123x100.png/cc0000/ffffff
155,Poppy Shakespeare,635.69,http://dummyimage.com/104x100.png/dddddd/000000
156,Alan & Naomi,660.98,http://dummyimage.com/196x100.png/5fa2dd/ffffff
157,Cameraman: The Life and Work of Jack Cardiff,376.78,http://dummyimage.com/235x100.png/5fa2dd/ffffff
158,Belle comme la femme d'un autre,987.78,http://dummyimage.com/177x100.png/ff4444/ffffff
159,"Haunting, The",128.04,http://dummyimage.com/153x100.png/cc0000/ffffff
160,"Nick Carter, Master Detective",795.83,http://dummyimage.com/127x100.png/cc0000/ffffff
161,Twin Dragons (Shuang long hui),700.21,http://dummyimage.com/215x100.png/dddddd/000000
162,Employees' Entrance,759.36,http://dummyimage.com/104x100.png/5fa2dd/ffffff
163,Vodka Lemon,669.46,http://dummyimage.com/155x100.png/5fa2dd/ffffff
164,Arctic Tale,388.21,http://dummyimage.com/175x100.png/5fa2dd/ffffff
165,Harlan County U.S.A.,198.84,http://dummyimage.com/210x100.png/dddddd/000000
166,Labor Day,445.18,http://dummyimage.com/148x100.png/5fa2dd/ffffff
167,"Signal, The",461.4,http://dummyimage.com/220x100.png/dddddd/000000
168,London After Midnight,21.05,http://dummyimage.com/159x100.png/cc0000/ffffff
169,"Book of Life, The",579.72,http://dummyimage.com/217x100.png/cc0000/ffffff
170,District 13 (Banlieue 13),682.82,http://dummyimage.com/125x100.png/cc0000/ffffff
171,"Snow Creature, The",643.78,http://dummyimage.com/226x100.png/5fa2dd/ffffff
172,"Prodigal, The",961.16,http://dummyimage.com/120x100.png/ff4444/ffffff
173,"Noose, The (Petla)",141.82,http://dummyimage.com/215x100.png/cc0000/ffffff
174,Arrival II,535.01,http://dummyimage.com/179x100.png/ff4444/ffffff
175,Krakatoa: The Last Days,954.34,http://dummyimage.com/236x100.png/ff4444/ffffff
176,Blood Games ,441.31,http://dummyimage.com/154x100.png/5fa2dd/ffffff
177,Bonnie Scotland (Heroes of the Regiment),84.5,http://dummyimage.com/158x100.png/cc0000/ffffff
178,Soft Shell Man (Un crabe dans la tête),83.86,http://dummyimage.com/242x100.png/ff4444/ffffff
179,"I Love, You Love (Ja milujem, ty milujes)",671.15,http://dummyimage.com/149x100.png/cc0000/ffffff
180,Texas Terror,484.19,http://dummyimage.com/216x100.png/dddddd/000000
181,Cavalcade,846.26,http://dummyimage.com/104x100.png/ff4444/ffffff
182,Call Me Crazy: A Five Film,659.06,http://dummyimage.com/118x100.png/5fa2dd/ffffff
183,Fantastic Mr. Fox,810.53,http://dummyimage.com/145x100.png/dddddd/000000
184,Legend No. 17,357.62,http://dummyimage.com/160x100.png/5fa2dd/ffffff
185,Yella,321.99,http://dummyimage.com/133x100.png/5fa2dd/ffffff
186,The Legend of Bloody Jack,701.52,http://dummyimage.com/110x100.png/ff4444/ffffff
187,Lego: The Adventures of Clutch Powers,407.94,http://dummyimage.com/151x100.png/5fa2dd/ffffff
188,Reversal of Fortune,531.52,http://dummyimage.com/153x100.png/cc0000/ffffff
189,Forest Warrior,444.08,http://dummyimage.com/185x100.png/ff4444/ffffff
190,"Return of Django (Son of Django) (Figlio di Django, Il)",898.09,http://dummyimage.com/121x100.png/cc0000/ffffff
191,Honeymoons,864.87,http://dummyimage.com/175x100.png/5fa2dd/ffffff
192,"American Nightmare, The",776.73,http://dummyimage.com/147x100.png/5fa2dd/ffffff
193,Falling in Love Again,688.91,http://dummyimage.com/188x100.png/cc0000/ffffff
194,"Extremely Goofy Movie, An",361.44,http://dummyimage.com/204x100.png/dddddd/000000
195,8th Wonderland,647.89,http://dummyimage.com/205x100.png/cc0000/ffffff
196,Lady Sings the Blues,347.31,http://dummyimage.com/167x100.png/cc0000/ffffff
197,"Road Home, The (Wo de fu qin mu qin)",485.74,http://dummyimage.com/248x100.png/ff4444/ffffff
198,My Mother's Smile (a.k.a. The Religion Hour) (L'ora di religione) (Il sorriso di mia madre),733.06,http://dummyimage.com/234x100.png/cc0000/ffffff
199,Spider-Man 2,405.61,http://dummyimage.com/227x100.png/cc0000/ffffff
200,Sign 'o' the Times,127.76,http://dummyimage.com/192x100.png/ff4444/ffffff
201,If I Were You,425.92,http://dummyimage.com/148x100.png/ff4444/ffffff
202,"Snows of Kilimanjaro, The (Neiges du Kilimandjaro, Les)",756.57,http://dummyimage.com/150x100.png/dddddd/000000
203,See You Next Tuesday,251.72,http://dummyimage.com/203x100.png/cc0000/ffffff
204,Fear City: A Family-Style Comedy (La cité de la peur),39.57,http://dummyimage.com/163x100.png/dddddd/000000
205,One Life,100.28,http://dummyimage.com/115x100.png/ff4444/ffffff
206,The Loyal 47 Ronin,501.31,http://dummyimage.com/146x100.png/cc0000/ffffff
207,Never Ever! (Nigdy w zyciu!),152.22,http://dummyimage.com/110x100.png/ff4444/ffffff
208,Always for Pleasure,379.94,http://dummyimage.com/237x100.png/5fa2dd/ffffff
209,Side Out,896.53,http://dummyimage.com/132x100.png/cc0000/ffffff
210,Sex and Lucia (Lucía y el sexo),752.81,http://dummyimage.com/117x100.png/ff4444/ffffff
211,"Slums of Beverly Hills, The",634.44,http://dummyimage.com/246x100.png/dddddd/000000
212,"Freddy's Dead: The Final Nightmare (Nightmare on Elm Street Part 6: Freddy's Dead, A)",780.64,http://dummyimage.com/206x100.png/5fa2dd/ffffff
213,Fate of a Man (Sudba cheloveka),3.63,http://dummyimage.com/232x100.png/dddddd/000000
214,Then I Sentenced Them All to Death (Atunci i-am condamnat pe toti la moarte),534.45,http://dummyimage.com/169x100.png/cc0000/ffffff
215,"Old Lady and the Pigeons, The (La vieille dame et les pigeons)",826.81,http://dummyimage.com/107x100.png/5fa2dd/ffffff
216,Mental,33.06,http://dummyimage.com/115x100.png/ff4444/ffffff
217,Crossing Over,584.66,http://dummyimage.com/150x100.png/5fa2dd/ffffff
218,Wattstax,442.12,http://dummyimage.com/112x100.png/cc0000/ffffff
219,"Devil's Brigade, The",667.24,http://dummyimage.com/236x100.png/ff4444/ffffff
220,Slasher,567.3,http://dummyimage.com/239x100.png/dddddd/000000
221,Night at the Museum: Secret of the Tomb,346.17,http://dummyimage.com/141x100.png/cc0000/ffffff
222,"History Boys, The",567.1,http://dummyimage.com/142x100.png/ff4444/ffffff
223,Paradise for Three,17.98,http://dummyimage.com/132x100.png/dddddd/000000
224,Relax... It's Just Sex,113.41,http://dummyimage.com/205x100.png/ff4444/ffffff
225,Fatty and Mabel Adrift,53.85,http://dummyimage.com/243x100.png/ff4444/ffffff
226,"Arbor, The",104.11,http://dummyimage.com/237x100.png/ff4444/ffffff
227,Mimic: Sentinel,660.42,http://dummyimage.com/168x100.png/ff4444/ffffff
228,Twenty-Four Eyes (Nijûshi no hitomi),436.56,http://dummyimage.com/100x100.png/5fa2dd/ffffff
229,"Long, Long Trailer, The",278.04,http://dummyimage.com/128x100.png/5fa2dd/ffffff
230,13 Fighting Men,789.96,http://dummyimage.com/134x100.png/5fa2dd/ffffff
231,Hamlet,764.81,http://dummyimage.com/171x100.png/dddddd/000000
232,"Godson, The",536.4,http://dummyimage.com/195x100.png/dddddd/000000
233,Dead Silent,877.16,http://dummyimage.com/169x100.png/ff4444/ffffff
234,Impromptu,704.83,http://dummyimage.com/224x100.png/cc0000/ffffff
235,Beautiful Girl,860.45,http://dummyimage.com/162x100.png/dddddd/000000
236,It Came from Beneath the Sea,382.67,http://dummyimage.com/197x100.png/ff4444/ffffff
237,Moll Flanders,244.33,http://dummyimage.com/134x100.png/dddddd/000000
238,Joseph and the Amazing Technicolor Dreamcoat,805.41,http://dummyimage.com/161x100.png/5fa2dd/ffffff
239,The Hour of the Lynx,975.52,http://dummyimage.com/150x100.png/5fa2dd/ffffff
240,Heart Condition,965.14,http://dummyimage.com/198x100.png/cc0000/ffffff
241,In the Cut,319.22,http://dummyimage.com/150x100.png/cc0000/ffffff
242,Out for a Kill,252.49,http://dummyimage.com/236x100.png/5fa2dd/ffffff
243,New Tale of Zatoichi (Shin Zatôichi monogatari) (Zatôichi 3),1.25,http://dummyimage.com/200x100.png/dddddd/000000
244,Paranormal Activity: The Marked Ones,551.54,http://dummyimage.com/236x100.png/ff4444/ffffff
245,Secrets of the Heart (Secretos del Corazón),37.7,http://dummyimage.com/119x100.png/dddddd/000000
246,Faust,305.4,http://dummyimage.com/137x100.png/dddddd/000000
247,"Tree, The",489.56,http://dummyimage.com/166x100.png/5fa2dd/ffffff
248,Ten Inch Hero,237.52,http://dummyimage.com/101x100.png/dddddd/000000
249,Godzilla,240.14,http://dummyimage.com/159x100.png/dddddd/000000
250,Psycho,454.49,http://dummyimage.com/250x100.png/dddddd/000000
251,Great!,564.07,http://dummyimage.com/249x100.png/5fa2dd/ffffff
252,Tooth & Nail,872.75,http://dummyimage.com/168x100.png/dddddd/000000
253,Brazil: In the Shadow of the Stadiums,229.16,http://dummyimage.com/147x100.png/ff4444/ffffff
254,Michael Collins,18.24,http://dummyimage.com/111x100.png/dddddd/000000
255,Ride the High Country,846.23,http://dummyimage.com/228x100.png/dddddd/000000
256,Confessions (Kokuhaku),384.6,http://dummyimage.com/208x100.png/ff4444/ffffff
257,Wonderful World,322.99,http://dummyimage.com/103x100.png/5fa2dd/ffffff
258,My Beautiful Laundrette,254.92,http://dummyimage.com/137x100.png/cc0000/ffffff
259,Volga - Volga,340.41,http://dummyimage.com/186x100.png/cc0000/ffffff
260,Blues Brothers 2000,947.85,http://dummyimage.com/151x100.png/cc0000/ffffff
261,Material Girls,195.86,http://dummyimage.com/112x100.png/dddddd/000000
262,"Blood Beast Terror, The",758.5,http://dummyimage.com/240x100.png/dddddd/000000
263,Kissing Jessica Stein,329.25,http://dummyimage.com/120x100.png/cc0000/ffffff
264,Stargate: The Ark of Truth,708.93,http://dummyimage.com/145x100.png/ff4444/ffffff
265,Battlefield Baseball (Jigoku kôshien),87.49,http://dummyimage.com/175x100.png/5fa2dd/ffffff
266,Tropical Malady (Sud pralad),904.01,http://dummyimage.com/112x100.png/ff4444/ffffff
267,Addams Family Reunion,336.13,http://dummyimage.com/161x100.png/ff4444/ffffff
268,Jerusalem,518.84,http://dummyimage.com/237x100.png/dddddd/000000
269,I Saw What You Did,970.78,http://dummyimage.com/180x100.png/dddddd/000000
270,"Librarian, The: The Curse of the Judas Chalice",804.96,http://dummyimage.com/161x100.png/5fa2dd/ffffff
271,Rapid Fire,539.25,http://dummyimage.com/161x100.png/cc0000/ffffff
272,Some Kind of Hero,192.03,http://dummyimage.com/245x100.png/dddddd/000000
273,Attack Force Z (a.k.a. The Z Men) (Z-tzu te kung tui),961.88,http://dummyimage.com/203x100.png/ff4444/ffffff
274,New York Confidential,976.02,http://dummyimage.com/113x100.png/ff4444/ffffff
275,Paris Trout,437.27,http://dummyimage.com/112x100.png/5fa2dd/ffffff
276,Fateless (Sorstalanság),649.95,http://dummyimage.com/231x100.png/5fa2dd/ffffff
277,Puppet Master 5: The Final Chapter,264.62,http://dummyimage.com/109x100.png/cc0000/ffffff
278,Shock Corridor,71.1,http://dummyimage.com/195x100.png/5fa2dd/ffffff
279,Butch and Sundance: The Early Days,473.74,http://dummyimage.com/154x100.png/ff4444/ffffff
280,Convoy,26.28,http://dummyimage.com/154x100.png/cc0000/ffffff
281,Applause,46.75,http://dummyimage.com/156x100.png/5fa2dd/ffffff
282,Stopped on Track,553.07,http://dummyimage.com/180x100.png/5fa2dd/ffffff
283,Men in Black II (a.k.a. MIIB) (a.k.a. MIB 2),83.75,http://dummyimage.com/224x100.png/ff4444/ffffff
284,Yellow,929.32,http://dummyimage.com/155x100.png/ff4444/ffffff
285,Prison,184.59,http://dummyimage.com/143x100.png/ff4444/ffffff
286,Brain Dead,7.81,http://dummyimage.com/142x100.png/cc0000/ffffff
287,Skeleton Crew,929.91,http://dummyimage.com/106x100.png/cc0000/ffffff
288,Hell to Eternity,508.14,http://dummyimage.com/159x100.png/cc0000/ffffff
289,"Dog's Life, A",676.53,http://dummyimage.com/204x100.png/ff4444/ffffff
290,Bomb It,856.16,http://dummyimage.com/246x100.png/cc0000/ffffff
291,Betrayal,320.29,http://dummyimage.com/127x100.png/cc0000/ffffff
292,Autism: The Musical,327.13,http://dummyimage.com/226x100.png/5fa2dd/ffffff
293,American Violet,999.6,http://dummyimage.com/159x100.png/ff4444/ffffff
294,Innerspace,920.66,http://dummyimage.com/201x100.png/ff4444/ffffff
295,Cop and ½,231.7,http://dummyimage.com/183x100.png/5fa2dd/ffffff
296,Linotype: The Film,310.55,http://dummyimage.com/191x100.png/ff4444/ffffff
297,Revenge of the Nerds,503.06,http://dummyimage.com/108x100.png/5fa2dd/ffffff
298,"White Stripes Under Great White Northern Lights, The",498.7,http://dummyimage.com/151x100.png/5fa2dd/ffffff
299,"Monster X Strikes Back: Attack the G8 Summit, The (Girara no gyakushû: Tôya-ko Samitto kikiippatsu)",561.48,http://dummyimage.com/227x100.png/dddddd/000000
300,Mad Detective (Sun taam),900.11,http://dummyimage.com/188x100.png/dddddd/000000
301,Princess Yang Kwei Fei (Yôkihi),245.83,http://dummyimage.com/127x100.png/ff4444/ffffff
302,Like Crazy,792.09,http://dummyimage.com/124x100.png/cc0000/ffffff
303,"Good Evening, Mr. Wallenberg (God afton, Herr Wallenberg)",243.43,http://dummyimage.com/133x100.png/cc0000/ffffff
304,Paradise,777.88,http://dummyimage.com/144x100.png/5fa2dd/ffffff
305,Cartoon All-Stars to the Rescue,67.26,http://dummyimage.com/165x100.png/cc0000/ffffff
306,"Loser Takes All, The (O hamenos ta pairnei ola)",382.3,http://dummyimage.com/159x100.png/cc0000/ffffff
307,Little Big League,697.72,http://dummyimage.com/166x100.png/cc0000/ffffff
308,"Sentinel, The",385.27,http://dummyimage.com/150x100.png/dddddd/000000
309,"Simple Life, A (Tao jie)",345.07,http://dummyimage.com/195x100.png/cc0000/ffffff
310,3 Days to Kill,465.94,http://dummyimage.com/218x100.png/ff4444/ffffff
311,"Trials of Oscar Wilde, The",537.69,http://dummyimage.com/158x100.png/5fa2dd/ffffff
312,"Cave of the Yellow Dog, The",180.87,http://dummyimage.com/145x100.png/dddddd/000000
313,Joffrey: Mavericks of American Dance,106.51,http://dummyimage.com/220x100.png/ff4444/ffffff
314,Finding Amanda,183.55,http://dummyimage.com/113x100.png/ff4444/ffffff
315,Brain Damage,262.46,http://dummyimage.com/159x100.png/dddddd/000000
316,Gridlock'd,991.77,http://dummyimage.com/147x100.png/ff4444/ffffff
317,Priest,253.65,http://dummyimage.com/200x100.png/cc0000/ffffff
318,Higher Learning,65.79,http://dummyimage.com/239x100.png/5fa2dd/ffffff
319,Tenacious D in The Pick of Destiny,208.19,http://dummyimage.com/184x100.png/ff4444/ffffff
320,"Day After Trinity, The",957.84,http://dummyimage.com/109x100.png/dddddd/000000
321,Strange Voyage,347.33,http://dummyimage.com/191x100.png/ff4444/ffffff
322,My Foolish Heart,708.74,http://dummyimage.com/233x100.png/dddddd/000000
323,Pinchcliffe Grand Prix (Flåklypa Grand Prix),267.56,http://dummyimage.com/115x100.png/ff4444/ffffff
324,"City of Violence, The (Jjakpae)",121.68,http://dummyimage.com/124x100.png/5fa2dd/ffffff
325,Smash His Camera,813.15,http://dummyimage.com/190x100.png/cc0000/ffffff
326,Brother Bear 2,804.41,http://dummyimage.com/107x100.png/cc0000/ffffff
327,W.W. and the Dixie Dancekings,145.28,http://dummyimage.com/130x100.png/5fa2dd/ffffff
328,Tetsuo II: Body Hammer,486.61,http://dummyimage.com/165x100.png/cc0000/ffffff
329,"Christmas Carol, A",171.78,http://dummyimage.com/213x100.png/cc0000/ffffff
330,Magnificent Warriors (Zhong hua zhan shi),855.82,http://dummyimage.com/244x100.png/ff4444/ffffff
331,Here and There (Tamo i ovde),831.13,http://dummyimage.com/164x100.png/ff4444/ffffff
332,Paranormal Activity: The Marked Ones,730.43,http://dummyimage.com/151x100.png/cc0000/ffffff
333,Games of Love and Chance (L'esquive),830.9,http://dummyimage.com/186x100.png/5fa2dd/ffffff
334,Lightspeed,707.74,http://dummyimage.com/176x100.png/cc0000/ffffff
335,Gunman's Walk ,154.89,http://dummyimage.com/209x100.png/ff4444/ffffff
336,Accident,747.93,http://dummyimage.com/138x100.png/cc0000/ffffff
337,Desert Flower,354.75,http://dummyimage.com/138x100.png/ff4444/ffffff
338,"Prince of Central Park, The",112.14,http://dummyimage.com/242x100.png/cc0000/ffffff
339,"Batman: The Dark Knight Returns, Part 1",194.67,http://dummyimage.com/133x100.png/cc0000/ffffff
340,"Remains of the Day, The",773.69,http://dummyimage.com/145x100.png/ff4444/ffffff
341,Mommie Dearest,523.23,http://dummyimage.com/222x100.png/cc0000/ffffff
342,"Paradine Case, The",123.4,http://dummyimage.com/156x100.png/ff4444/ffffff
343,"Secret Adventures of Gustave Klopp, The (Narco)",381.63,http://dummyimage.com/113x100.png/cc0000/ffffff
344,How They Get There,880.53,http://dummyimage.com/138x100.png/ff4444/ffffff
345,"Satan Bug, The",946.28,http://dummyimage.com/241x100.png/5fa2dd/ffffff
346,Otaku,161.16,http://dummyimage.com/156x100.png/dddddd/000000
347,I'll Do Anything,256.42,http://dummyimage.com/139x100.png/5fa2dd/ffffff
348,"Bad Boy (Story of Danny Lester, The)",240.18,http://dummyimage.com/246x100.png/ff4444/ffffff
349,Rich and Famous (Gong woo ching),389.65,http://dummyimage.com/240x100.png/5fa2dd/ffffff
350,Number Seventeen (a.k.a. Number 17),909.71,http://dummyimage.com/111x100.png/ff4444/ffffff
351,S.P.L.: Kill Zone (Saat po long),83.68,http://dummyimage.com/214x100.png/cc0000/ffffff
352,Ping Pong Summer,155.59,http://dummyimage.com/176x100.png/5fa2dd/ffffff
353,"Kiss Before Dying, A",345.76,http://dummyimage.com/239x100.png/ff4444/ffffff
354,Il Mare (Siworae),795.31,http://dummyimage.com/193x100.png/ff4444/ffffff
355,The Vixen,826.63,http://dummyimage.com/157x100.png/ff4444/ffffff
356,"Truth, The ",662.56,http://dummyimage.com/116x100.png/cc0000/ffffff
357,"Hour of the Furnaces, The (Hora de los hornos, La)",747.28,http://dummyimage.com/217x100.png/cc0000/ffffff
358,Moon Over Parador,597.68,http://dummyimage.com/153x100.png/cc0000/ffffff
359,Oxygen,564.22,http://dummyimage.com/118x100.png/ff4444/ffffff
360,Joulupukki ja noitarumpu,881.31,http://dummyimage.com/175x100.png/5fa2dd/ffffff
361,Ghosts (Gespenster),561.65,http://dummyimage.com/182x100.png/ff4444/ffffff
362,Summer Storm (Sommersturm),190.16,http://dummyimage.com/138x100.png/dddddd/000000
363,Resurrection,124.3,http://dummyimage.com/172x100.png/5fa2dd/ffffff
364,Tales from the Crypt Presents: Demon Knight,547.87,http://dummyimage.com/188x100.png/ff4444/ffffff
365,Fire Birds,48.09,http://dummyimage.com/231x100.png/dddddd/000000
366,"Little Princess, The",215.53,http://dummyimage.com/222x100.png/cc0000/ffffff
367,Camera Buff (Amator),192.06,http://dummyimage.com/125x100.png/cc0000/ffffff
368,Miracle Mile,636.58,http://dummyimage.com/195x100.png/ff4444/ffffff
369,Hard Candy,622.85,http://dummyimage.com/124x100.png/dddddd/000000
370,Rich in Love,86.48,http://dummyimage.com/211x100.png/ff4444/ffffff
371,Dragon Ball: The Curse Of The Blood Rubies (Doragon bôru: Shenron no densetsu),407.63,http://dummyimage.com/105x100.png/5fa2dd/ffffff
372,Serving Life,242.77,http://dummyimage.com/117x100.png/cc0000/ffffff
373,"Frighteners, The",134.56,http://dummyimage.com/250x100.png/cc0000/ffffff
374,Car Wash,245.99,http://dummyimage.com/250x100.png/dddddd/000000
375,Man-Proof,194.12,http://dummyimage.com/100x100.png/5fa2dd/ffffff
376,Bartleby,539.05,http://dummyimage.com/228x100.png/dddddd/000000
377,AmeriQua,339.61,http://dummyimage.com/131x100.png/ff4444/ffffff
378,Le créateur ,663.43,http://dummyimage.com/203x100.png/ff4444/ffffff
379,Afro Samurai: Resurrection,906.91,http://dummyimage.com/112x100.png/dddddd/000000
380,Nude Nuns with Big Guns,450.17,http://dummyimage.com/131x100.png/cc0000/ffffff
381,Forgive Me,257.13,http://dummyimage.com/160x100.png/dddddd/000000
382,Butter,208.99,http://dummyimage.com/217x100.png/cc0000/ffffff
383,Taken,265.74,http://dummyimage.com/145x100.png/5fa2dd/ffffff
384,"Aviator's Wife, The (La femme de l'aviateur)",445.4,http://dummyimage.com/182x100.png/cc0000/ffffff
385,Skeleton Crew,189.61,http://dummyimage.com/113x100.png/ff4444/ffffff
386,Princess and the Pony,358.36,http://dummyimage.com/229x100.png/5fa2dd/ffffff
387,True Believer,207.38,http://dummyimage.com/230x100.png/dddddd/000000
388,Richard III,67.39,http://dummyimage.com/157x100.png/5fa2dd/ffffff
389,Cream Lemon (Kurîmu remon),649.28,http://dummyimage.com/227x100.png/5fa2dd/ffffff
390,Trilogy of Terror II,316.84,http://dummyimage.com/231x100.png/5fa2dd/ffffff
391,"Last Ride, The",244.39,http://dummyimage.com/173x100.png/ff4444/ffffff
392,Michael Collins,692.02,http://dummyimage.com/193x100.png/5fa2dd/ffffff
393,Black Rock,461.34,http://dummyimage.com/200x100.png/dddddd/000000
394,Hit Squad,233.41,http://dummyimage.com/145x100.png/dddddd/000000
395,My Way,205.46,http://dummyimage.com/193x100.png/cc0000/ffffff
396,Emma,294.16,http://dummyimage.com/127x100.png/ff4444/ffffff
397,Top Gun,88.61,http://dummyimage.com/120x100.png/ff4444/ffffff
398,La Première étoile,854.77,http://dummyimage.com/155x100.png/dddddd/000000
399,Afternoon Delight,275.56,http://dummyimage.com/169x100.png/cc0000/ffffff
400,Pennies from Heaven,113.59,http://dummyimage.com/154x100.png/dddddd/000000
401,"Bleeding House, The",254.04,http://dummyimage.com/234x100.png/dddddd/000000
402,I'm the One That I Want,630.68,http://dummyimage.com/200x100.png/dddddd/000000
403,Arthur and the Invisibles,385.63,http://dummyimage.com/110x100.png/5fa2dd/ffffff
404,Naked Killer (Chik loh go yeung),806.25,http://dummyimage.com/138x100.png/dddddd/000000
405,After the Sunset,904.86,http://dummyimage.com/183x100.png/dddddd/000000
406,I Want You,908.59,http://dummyimage.com/185x100.png/cc0000/ffffff
407,"Murder of Fred Hampton, The",797.23,http://dummyimage.com/122x100.png/dddddd/000000
408,Open Season 2,955.52,http://dummyimage.com/105x100.png/cc0000/ffffff
409,Madison,999.38,http://dummyimage.com/223x100.png/dddddd/000000
410,Backbeat,733.95,http://dummyimage.com/136x100.png/cc0000/ffffff
411,My Blue Heaven,28.59,http://dummyimage.com/189x100.png/ff4444/ffffff
412,Les Tuche,545.65,http://dummyimage.com/184x100.png/5fa2dd/ffffff
413,"Business of Strangers, The",29.08,http://dummyimage.com/109x100.png/cc0000/ffffff
414,Soup to Nuts,89.73,http://dummyimage.com/197x100.png/cc0000/ffffff
415,Shanghai,311.33,http://dummyimage.com/249x100.png/ff4444/ffffff
416,Before Your Eyes (Min Dit: The Children of Diyarbakir),220.61,http://dummyimage.com/240x100.png/cc0000/ffffff
417,Love Is Strange,46.66,http://dummyimage.com/214x100.png/dddddd/000000
418,"Messenger, The",224.07,http://dummyimage.com/145x100.png/dddddd/000000
419,Redline,927.58,http://dummyimage.com/208x100.png/5fa2dd/ffffff
420,"Two Days, One Night (Deux jours, une nuit)",873.0,http://dummyimage.com/120x100.png/5fa2dd/ffffff
421,Brain Dead,462.16,http://dummyimage.com/191x100.png/5fa2dd/ffffff
422,"Wrong Guys, The",636.0,http://dummyimage.com/192x100.png/cc0000/ffffff
423,Double Team,662.1,http://dummyimage.com/156x100.png/dddddd/000000
424,Holding Trevor,455.13,http://dummyimage.com/151x100.png/cc0000/ffffff
425,Pi,819.0,http://dummyimage.com/166x100.png/5fa2dd/ffffff
426,"Edward, My Son",15.11,http://dummyimage.com/150x100.png/dddddd/000000
427,See the Sea,459.64,http://dummyimage.com/172x100.png/cc0000/ffffff
428,"Hunchback of Notre Dame, The (Notre Dame de Paris)",883.77,http://dummyimage.com/101x100.png/dddddd/000000
429,Born to Win,146.21,http://dummyimage.com/177x100.png/ff4444/ffffff
430,Boogie-Doodle,343.83,http://dummyimage.com/112x100.png/5fa2dd/ffffff
431,Golden Boy,561.27,http://dummyimage.com/237x100.png/ff4444/ffffff
432,Cadillac Records,944.81,http://dummyimage.com/154x100.png/dddddd/000000
433,Sinbad (Szindbád),773.64,http://dummyimage.com/198x100.png/ff4444/ffffff
434,No Way Home,272.3,http://dummyimage.com/122x100.png/ff4444/ffffff
435,"Silence of the Sea, The (Le silence de la mer)",493.58,http://dummyimage.com/180x100.png/cc0000/ffffff
436,Loves of a Blonde (Lásky jedné plavovlásky),679.96,http://dummyimage.com/104x100.png/dddddd/000000
437,"Hole in the Head, A",348.53,http://dummyimage.com/201x100.png/5fa2dd/ffffff
438,"Pirates of Penzance, The",984.67,http://dummyimage.com/154x100.png/ff4444/ffffff
439,Not Your Typical Bigfoot Movie,373.52,http://dummyimage.com/123x100.png/5fa2dd/ffffff
440,Monty Python's And Now for Something Completely Different,641.73,http://dummyimage.com/167x100.png/cc0000/ffffff
441,Sitting Bull,693.15,http://dummyimage.com/108x100.png/cc0000/ffffff
442,"Three Stooges in Orbit, The",14.34,http://dummyimage.com/126x100.png/ff4444/ffffff
443,Evidence ,894.67,http://dummyimage.com/114x100.png/5fa2dd/ffffff
444,Rage of Honor,184.2,http://dummyimage.com/198x100.png/cc0000/ffffff
445,Class Act,130.8,http://dummyimage.com/211x100.png/5fa2dd/ffffff
446,Drunken Tai Chi (Siu taai gik),822.51,http://dummyimage.com/171x100.png/5fa2dd/ffffff
447,"Confessional, The (Confessionnal, Le)",295.55,http://dummyimage.com/229x100.png/ff4444/ffffff
448,The Sex and Violence Family Hour,952.9,http://dummyimage.com/169x100.png/dddddd/000000
449,Out in the Dark,851.67,http://dummyimage.com/152x100.png/cc0000/ffffff
450,Daisy,390.61,http://dummyimage.com/121x100.png/dddddd/000000
451,Shriek If You Know What I Did Last Friday the Thirteenth,956.12,http://dummyimage.com/223x100.png/5fa2dd/ffffff
452,Hearts in Atlantis,106.63,http://dummyimage.com/106x100.png/cc0000/ffffff
453,Broadcast News,748.51,http://dummyimage.com/183x100.png/ff4444/ffffff
454,"Coward, The (Kapurush)",542.63,http://dummyimage.com/196x100.png/ff4444/ffffff
455,Hellfighters,15.49,http://dummyimage.com/222x100.png/ff4444/ffffff
456,"Brood, The",563.65,http://dummyimage.com/237x100.png/ff4444/ffffff
457,"Delphine 1, Yvan 0",507.92,http://dummyimage.com/154x100.png/cc0000/ffffff
458,"Sign of the Cross, The",272.14,http://dummyimage.com/249x100.png/5fa2dd/ffffff
459,"Outsiders, The",818.26,http://dummyimage.com/232x100.png/dddddd/000000
460,Second Wind (Le deuxième souffle) (Second Breath),242.49,http://dummyimage.com/216x100.png/ff4444/ffffff
461,Black Coffee,403.63,http://dummyimage.com/103x100.png/cc0000/ffffff
462,"Mother of Tears: The Third Mother (Terza madre, La)",111.83,http://dummyimage.com/219x100.png/cc0000/ffffff
463,Nazarin (Nazarín),972.39,http://dummyimage.com/231x100.png/5fa2dd/ffffff
464,Mitä meistä tuli,993.23,http://dummyimage.com/201x100.png/ff4444/ffffff
465,Eloise at the Plaza,131.46,http://dummyimage.com/149x100.png/5fa2dd/ffffff
466,Nashville,215.77,http://dummyimage.com/159x100.png/ff4444/ffffff
467,Frozen City (Valkoinen kaupunki) ,27.13,http://dummyimage.com/165x100.png/cc0000/ffffff
468,Water,426.49,http://dummyimage.com/241x100.png/ff4444/ffffff
469,Kivski Freski,187.97,http://dummyimage.com/133x100.png/5fa2dd/ffffff
470,Star!,923.38,http://dummyimage.com/167x100.png/ff4444/ffffff
471,Glory Daze,617.92,http://dummyimage.com/209x100.png/ff4444/ffffff
472,"Bobby Jones, Stroke of Genius",516.81,http://dummyimage.com/147x100.png/dddddd/000000
473,Maidentrip,46.57,http://dummyimage.com/141x100.png/dddddd/000000
474,"Poseidon Adventure, The",969.23,http://dummyimage.com/212x100.png/dddddd/000000
475,"New Adventures of Pippi Longstocking, The",689.44,http://dummyimage.com/195x100.png/ff4444/ffffff
476,No Strings Attached,86.65,http://dummyimage.com/184x100.png/5fa2dd/ffffff
477,The Police Serve the Citizens?,907.55,http://dummyimage.com/192x100.png/dddddd/000000
478,Alien,197.0,http://dummyimage.com/117x100.png/cc0000/ffffff
479,Surrogates,959.57,http://dummyimage.com/205x100.png/dddddd/000000
480,Herbie: Fully Loaded,498.41,http://dummyimage.com/229x100.png/ff4444/ffffff
481,"Last Days, The",365.27,http://dummyimage.com/190x100.png/dddddd/000000
482,Tanner Hall,323.83,http://dummyimage.com/134x100.png/dddddd/000000
483,Main Hoon Na,922.8,http://dummyimage.com/188x100.png/cc0000/ffffff
484,After the Wedding (Efter brylluppet),555.42,http://dummyimage.com/142x100.png/cc0000/ffffff
485,Fear[s] of the Dark (Peur[s] du noir),400.31,http://dummyimage.com/189x100.png/cc0000/ffffff
486,More Dead Than Alive,797.54,http://dummyimage.com/217x100.png/dddddd/000000
487,Whitey: United States of America v. James J. Bulger,205.31,http://dummyimage.com/168x100.png/ff4444/ffffff
488,"Bug's Life, A",708.5,http://dummyimage.com/195x100.png/cc0000/ffffff
489,Quiz Show,771.22,http://dummyimage.com/118x100.png/5fa2dd/ffffff
490,Autopsy (Macchie Solari),763.82,http://dummyimage.com/222x100.png/5fa2dd/ffffff
491,Argo,259.91,http://dummyimage.com/220x100.png/5fa2dd/ffffff
492,SS Experiment Love Camp (Lager SSadis Kastrat Kommandantur),682.48,http://dummyimage.com/113x100.png/ff4444/ffffff
493,Borrowed Hearts (Borrowed Hearts: A Holiday Romance),93.15,http://dummyimage.com/235x100.png/dddddd/000000
494,A Viking Saga: The Darkest Day,991.7,http://dummyimage.com/215x100.png/ff4444/ffffff
495,"Midsummer Night's Dream, A",334.89,http://dummyimage.com/181x100.png/5fa2dd/ffffff
496,"Rock-afire Explosion, The",451.32,http://dummyimage.com/117x100.png/ff4444/ffffff
497,Porky's II: The Next Day,189.08,http://dummyimage.com/103x100.png/cc0000/ffffff
498,Lucky Star,804.21,http://dummyimage.com/133x100.png/5fa2dd/ffffff
499,Fortress,348.32,http://dummyimage.com/112x100.png/5fa2dd/ffffff
500,Shadow of a Doubt,84.52,http://dummyimage.com/146x100.png/cc0000/ffffff
501,Higher Ground,327.31,http://dummyimage.com/129x100.png/ff4444/ffffff
502,Van Diemen's Land,87.49,http://dummyimage.com/150x100.png/5fa2dd/ffffff
503,Hurry Sundown,914.57,http://dummyimage.com/159x100.png/cc0000/ffffff
504,Great!,653.63,http://dummyimage.com/214x100.png/ff4444/ffffff
505,Dark Girls,826.62,http://dummyimage.com/168x100.png/ff4444/ffffff
506,Don't Be Afraid of the Dark,961.72,http://dummyimage.com/121x100.png/cc0000/ffffff
507,"Liar's Autobiography: The Untrue Story of Monty Python's Graham Chapman, A",236.33,http://dummyimage.com/105x100.png/dddddd/000000
508,Old Dogs,100.55,http://dummyimage.com/136x100.png/cc0000/ffffff
509,"Angry Red Planet, The",49.29,http://dummyimage.com/113x100.png/cc0000/ffffff
510,"Cutter, The",248.64,http://dummyimage.com/240x100.png/cc0000/ffffff
511,"Tortoise and the Hare, The",107.82,http://dummyimage.com/169x100.png/cc0000/ffffff
512,Sex in Chains (Geschlecht in Fesseln),951.17,http://dummyimage.com/117x100.png/dddddd/000000
513,Bossa Nova,86.82,http://dummyimage.com/236x100.png/ff4444/ffffff
514,Brother Rat,494.35,http://dummyimage.com/207x100.png/dddddd/000000
515,Force Majeure (Turist),254.52,http://dummyimage.com/177x100.png/dddddd/000000
516,"Boys, The",172.13,http://dummyimage.com/127x100.png/cc0000/ffffff
517,Funeral Parade of Roses (Bara no sôretsu),674.01,http://dummyimage.com/193x100.png/ff4444/ffffff
518,Good People,944.01,http://dummyimage.com/161x100.png/ff4444/ffffff
519,"Story of My Life, The (Mensonges et trahisons et plus si affinités...)",887.44,http://dummyimage.com/112x100.png/ff4444/ffffff
520,"Girl, The (Flickan)",949.74,http://dummyimage.com/198x100.png/5fa2dd/ffffff
521,Last Tango in Paris (Ultimo tango a Parigi),984.25,http://dummyimage.com/225x100.png/cc0000/ffffff
522,Breathing Room,224.78,http://dummyimage.com/120x100.png/5fa2dd/ffffff
523,Thor: Tales of Asgard,304.11,http://dummyimage.com/201x100.png/ff4444/ffffff
524,"King of Ping Pong, The (Ping-pongkingen)",490.44,http://dummyimage.com/211x100.png/dddddd/000000
525,Scar,853.69,http://dummyimage.com/201x100.png/dddddd/000000
526,"Getaway, The",104.08,http://dummyimage.com/147x100.png/5fa2dd/ffffff
527,"Texas Chainsaw Massacre: The Beginning, The",890.14,http://dummyimage.com/118x100.png/ff4444/ffffff
528,Last Days in Vietnam,234.2,http://dummyimage.com/104x100.png/cc0000/ffffff
529,Silk Stockings,517.74,http://dummyimage.com/195x100.png/cc0000/ffffff
530,"Rally 'Round the Flag, Boys!",721.29,http://dummyimage.com/207x100.png/ff4444/ffffff
531,Temptress Moon (Feng Yue),331.86,http://dummyimage.com/108x100.png/ff4444/ffffff
532,California Dreamin' (Nesfarsit),898.07,http://dummyimage.com/217x100.png/ff4444/ffffff
533,"Christine Jorgensen Story, The",824.88,http://dummyimage.com/246x100.png/ff4444/ffffff
534,"King of Escape, The (Le roi de l'évasion)",293.33,http://dummyimage.com/134x100.png/5fa2dd/ffffff
535,Monsters vs Aliens: Mutant Pumpkins from Outer Space,160.6,http://dummyimage.com/246x100.png/dddddd/000000
536,ATF ,203.16,http://dummyimage.com/162x100.png/5fa2dd/ffffff
537,Arena,711.19,http://dummyimage.com/243x100.png/ff4444/ffffff
538,Ocean Heaven ,733.05,http://dummyimage.com/210x100.png/dddddd/000000
539,The Bride Wore Red,73.07,http://dummyimage.com/155x100.png/dddddd/000000
540,From Within,438.17,http://dummyimage.com/202x100.png/cc0000/ffffff
541,"Life Is Rosy (a.k.a. Life Is Beautiful) (Vie est belle, La)",199.39,http://dummyimage.com/153x100.png/ff4444/ffffff
542,Hot Lead and Cold Feet,657.12,http://dummyimage.com/117x100.png/ff4444/ffffff
543,Saw V,646.19,http://dummyimage.com/209x100.png/dddddd/000000
544,Down and Out in Beverly Hills,696.87,http://dummyimage.com/230x100.png/cc0000/ffffff
545,Red Rock West,647.83,http://dummyimage.com/170x100.png/cc0000/ffffff
546,Son of Frankenstein,990.29,http://dummyimage.com/200x100.png/dddddd/000000
547,"Dungeon Masters, The",618.57,http://dummyimage.com/200x100.png/dddddd/000000
548,Kamchatka,850.19,http://dummyimage.com/206x100.png/dddddd/000000
549,Spider-Man 3,151.59,http://dummyimage.com/184x100.png/5fa2dd/ffffff
550,Brothers: The Return,136.51,http://dummyimage.com/187x100.png/dddddd/000000
551,Meatballs,226.9,http://dummyimage.com/244x100.png/ff4444/ffffff
552,3 on a Couch (Three on a Couch),95.39,http://dummyimage.com/238x100.png/cc0000/ffffff
553,My Week with Marilyn,836.07,http://dummyimage.com/236x100.png/5fa2dd/ffffff
554,Dimples,106.86,http://dummyimage.com/233x100.png/5fa2dd/ffffff
555,"Doll Squad, The",236.06,http://dummyimage.com/237x100.png/5fa2dd/ffffff
556,Maid of Salem,84.29,http://dummyimage.com/193x100.png/ff4444/ffffff
557,Divine Madness!,615.16,http://dummyimage.com/187x100.png/dddddd/000000
558,Slumber Party Massacre II,958.83,http://dummyimage.com/215x100.png/cc0000/ffffff
559,Dickson Greeting,610.19,http://dummyimage.com/193x100.png/ff4444/ffffff
560,"Adventures of Sharkboy and Lavagirl 3-D, The",86.87,http://dummyimage.com/127x100.png/5fa2dd/ffffff
561,"Quick and the Dead, The",257.61,http://dummyimage.com/145x100.png/5fa2dd/ffffff
562,Batman & Robin,48.28,http://dummyimage.com/247x100.png/cc0000/ffffff
563,Humpday,612.31,http://dummyimage.com/156x100.png/cc0000/ffffff
564,Dead Man on Campus,700.12,http://dummyimage.com/239x100.png/dddddd/000000
565,Nico and Dani (Krámpack),442.95,http://dummyimage.com/187x100.png/dddddd/000000
566,"Blue Lagoon, The",615.94,http://dummyimage.com/246x100.png/ff4444/ffffff
567,Gardens of Stone,20.49,http://dummyimage.com/109x100.png/dddddd/000000
568,Imagine: John Lennon,965.29,http://dummyimage.com/140x100.png/5fa2dd/ffffff
569,Oblivion Island: Haruka and the Magic Mirror (Hottarake no shima - Haruka to maho no kagami),853.2,http://dummyimage.com/101x100.png/ff4444/ffffff
570,"Patrik Age 1.5 (Patrik 1,5)",82.09,http://dummyimage.com/218x100.png/cc0000/ffffff
571,Guncrazy,973.43,http://dummyimage.com/124x100.png/ff4444/ffffff
572,"Marriage of Maria Braun, The (Ehe der Maria Braun, Die)",834.03,http://dummyimage.com/213x100.png/cc0000/ffffff
573,Lookin' to Get Out,640.37,http://dummyimage.com/224x100.png/dddddd/000000
574,Nowhere in Africa (Nirgendwo in Afrika),893.14,http://dummyimage.com/107x100.png/ff4444/ffffff
575,Now Where Did the Seventh Company Get to? (Mais où est donc passée la 7ème compagnie),647.6,http://dummyimage.com/206x100.png/cc0000/ffffff
576,Backfire,688.02,http://dummyimage.com/219x100.png/dddddd/000000
577,36 Quai des Orfèvres (Department 36),949.95,http://dummyimage.com/203x100.png/5fa2dd/ffffff
578,Mr. Moto's Gamble,315.73,http://dummyimage.com/184x100.png/ff4444/ffffff
579,Alien from L.A.,405.83,http://dummyimage.com/183x100.png/dddddd/000000
580,Vacancy 2: The First Cut,568.84,http://dummyimage.com/100x100.png/5fa2dd/ffffff
581,800 Bullets (800 Balas),726.5,http://dummyimage.com/242x100.png/cc0000/ffffff
582,Tarzan Finds a Son!,155.92,http://dummyimage.com/149x100.png/5fa2dd/ffffff
583,Mutantes,717.5,http://dummyimage.com/135x100.png/cc0000/ffffff
584,I Am Legend,109.69,http://dummyimage.com/248x100.png/5fa2dd/ffffff
585,Of Mice and Men,402.87,http://dummyimage.com/176x100.png/ff4444/ffffff
586,Order and Disorder,489.18,http://dummyimage.com/149x100.png/ff4444/ffffff
587,"Message to Garcia, A",630.24,http://dummyimage.com/172x100.png/cc0000/ffffff
588,Fubar,526.2,http://dummyimage.com/222x100.png/ff4444/ffffff
589,"Sadist, The",662.01,http://dummyimage.com/152x100.png/cc0000/ffffff
590,Boys,824.99,http://dummyimage.com/100x100.png/cc0000/ffffff
591,C.H.U.D. II - Bud the Chud,7.87,http://dummyimage.com/239x100.png/ff4444/ffffff
592,Black Peter (Cerný Petr),523.95,http://dummyimage.com/188x100.png/ff4444/ffffff
593,"Toll of the Sea, The",124.56,http://dummyimage.com/232x100.png/cc0000/ffffff
594,"Nun, The (La monja) ",189.5,http://dummyimage.com/110x100.png/cc0000/ffffff
595,The Hornet's Nest,141.38,http://dummyimage.com/209x100.png/5fa2dd/ffffff
596,"Guardian, The",840.0,http://dummyimage.com/163x100.png/cc0000/ffffff
597,Floundering,805.59,http://dummyimage.com/114x100.png/dddddd/000000
598,Carefree,801.41,http://dummyimage.com/234x100.png/5fa2dd/ffffff
599,Computer Chess,10.81,http://dummyimage.com/132x100.png/dddddd/000000
600,Cold Mountain,382.52,http://dummyimage.com/244x100.png/cc0000/ffffff
601,"Secret Adventures of Tom Thumb, The",355.25,http://dummyimage.com/107x100.png/dddddd/000000
602,About a Boy,757.31,http://dummyimage.com/196x100.png/5fa2dd/ffffff
603,Gloriously Wasted,231.38,http://dummyimage.com/225x100.png/ff4444/ffffff
604,Greenwich Village: Music That Defined a Generation ,472.98,http://dummyimage.com/158x100.png/dddddd/000000
605,Attack!,683.18,http://dummyimage.com/158x100.png/5fa2dd/ffffff
606,Luminarias,436.49,http://dummyimage.com/129x100.png/5fa2dd/ffffff
607,It's All About Love,912.78,http://dummyimage.com/209x100.png/ff4444/ffffff
608,Amongst Friends,44.27,http://dummyimage.com/101x100.png/ff4444/ffffff
609,Tanguy,472.93,http://dummyimage.com/228x100.png/5fa2dd/ffffff
610,Cotton Comes to Harlem,788.21,http://dummyimage.com/217x100.png/dddddd/000000
611,Littlerock,3.69,http://dummyimage.com/224x100.png/cc0000/ffffff
612,"Art of Flight, The",969.26,http://dummyimage.com/146x100.png/5fa2dd/ffffff
613,"Mooring, The",960.41,http://dummyimage.com/101x100.png/ff4444/ffffff
614,"Game, The",637.26,http://dummyimage.com/224x100.png/ff4444/ffffff
615,Moscow Clad in Snow (Moscou sous la neige) ,314.49,http://dummyimage.com/186x100.png/5fa2dd/ffffff
616,"Dish, The",184.35,http://dummyimage.com/207x100.png/cc0000/ffffff
617,Ice Age,361.36,http://dummyimage.com/111x100.png/dddddd/000000
618,Tender Is the Night,952.99,http://dummyimage.com/148x100.png/cc0000/ffffff
619,Fantastic Four: Rise of the Silver Surfer,310.2,http://dummyimage.com/133x100.png/cc0000/ffffff
620,Graceland,395.86,http://dummyimage.com/161x100.png/dddddd/000000
621,Long Night's Journey Into Day,665.9,http://dummyimage.com/139x100.png/5fa2dd/ffffff
622,Always Tell Your Wife,376.64,http://dummyimage.com/229x100.png/ff4444/ffffff
623,Miss Zombie,27.31,http://dummyimage.com/238x100.png/5fa2dd/ffffff
624,Tae Guk Gi: The Brotherhood of War (Taegukgi hwinalrimyeo),408.86,http://dummyimage.com/165x100.png/ff4444/ffffff
625,"Las Vegas Story, The",921.35,http://dummyimage.com/201x100.png/5fa2dd/ffffff
626,Identification of a Woman (Identificazione di una donna),958.66,http://dummyimage.com/234x100.png/cc0000/ffffff
627,Deathstalker II,893.54,http://dummyimage.com/208x100.png/dddddd/000000
628,Trance,282.13,http://dummyimage.com/205x100.png/ff4444/ffffff
629,Big Jim McLain,182.95,http://dummyimage.com/200x100.png/dddddd/000000
630,Expecting Love (Mala wielka milosc),808.13,http://dummyimage.com/104x100.png/5fa2dd/ffffff
631,Captains of the Clouds,389.48,http://dummyimage.com/230x100.png/dddddd/000000
632,"Last Seven, The",213.23,http://dummyimage.com/146x100.png/cc0000/ffffff
633,For Your Consideration,414.99,http://dummyimage.com/120x100.png/dddddd/000000
634,Four Nights of a Dreamer (Quatre nuits d'un rêveur),458.68,http://dummyimage.com/155x100.png/cc0000/ffffff
635,Hollywood Shuffle,380.94,http://dummyimage.com/222x100.png/ff4444/ffffff
636,Ken Park,717.99,http://dummyimage.com/135x100.png/5fa2dd/ffffff
637,From Zero to Hero,356.03,http://dummyimage.com/138x100.png/cc0000/ffffff
638,In the Name of the Law,247.83,http://dummyimage.com/122x100.png/cc0000/ffffff
639,Bran Nue Dae,880.14,http://dummyimage.com/224x100.png/cc0000/ffffff
640,Barbershop 2: Back in Business,295.99,http://dummyimage.com/197x100.png/5fa2dd/ffffff
641,Little Soldier (Lille soldat),866.9,http://dummyimage.com/189x100.png/cc0000/ffffff
642,Adam,917.83,http://dummyimage.com/105x100.png/dddddd/000000
643,"Public Eye, The (Follow Me!)",126.32,http://dummyimage.com/143x100.png/cc0000/ffffff
644,Daddy Long Legs,822.73,http://dummyimage.com/238x100.png/ff4444/ffffff
645,Why We Fight,807.22,http://dummyimage.com/233x100.png/cc0000/ffffff
646,"Black Stallion, The",789.29,http://dummyimage.com/196x100.png/5fa2dd/ffffff
647,Divorce - Italian Style (Divorzio all'italiana),506.32,http://dummyimage.com/164x100.png/ff4444/ffffff
648,"Band Called Death, A",568.03,http://dummyimage.com/138x100.png/5fa2dd/ffffff
649,Milk Money,251.49,http://dummyimage.com/175x100.png/5fa2dd/ffffff
650,"Muppet Christmas Carol, The",413.17,http://dummyimage.com/202x100.png/dddddd/000000
651,Maria's Lovers,334.25,http://dummyimage.com/154x100.png/5fa2dd/ffffff
652,"Red Desert (Deserto rosso, Il)",217.64,http://dummyimage.com/126x100.png/dddddd/000000
653,"Ball, The (Le bal)",950.3,http://dummyimage.com/157x100.png/cc0000/ffffff
654,Marion Bridge,93.98,http://dummyimage.com/186x100.png/ff4444/ffffff
655,Suicide Club (Jisatsu saakuru),340.63,http://dummyimage.com/231x100.png/ff4444/ffffff
656,Hawaii,629.04,http://dummyimage.com/170x100.png/cc0000/ffffff
657,"Familie, En",781.08,http://dummyimage.com/241x100.png/5fa2dd/ffffff
658,Mascara,147.81,http://dummyimage.com/145x100.png/dddddd/000000
659,"Strada, La",893.1,http://dummyimage.com/134x100.png/5fa2dd/ffffff
660,"Bridge, The (Most)",918.79,http://dummyimage.com/117x100.png/ff4444/ffffff
661,Detention,299.64,http://dummyimage.com/238x100.png/5fa2dd/ffffff
662,Nazareno Cruz and the Wolf,243.76,http://dummyimage.com/201x100.png/ff4444/ffffff
663,Motel Hell,704.19,http://dummyimage.com/207x100.png/dddddd/000000
664,Buffalo Bill,712.12,http://dummyimage.com/245x100.png/ff4444/ffffff
665,How Do You Know,166.01,http://dummyimage.com/183x100.png/ff4444/ffffff
666,Il Capitano,593.04,http://dummyimage.com/179x100.png/5fa2dd/ffffff
667,"Clockwork Orange, A",656.48,http://dummyimage.com/179x100.png/ff4444/ffffff
668,Unfaithfully Yours,372.21,http://dummyimage.com/150x100.png/ff4444/ffffff
669,In a Better World (Hævnen),618.11,http://dummyimage.com/190x100.png/5fa2dd/ffffff
670,Company,26.39,http://dummyimage.com/175x100.png/5fa2dd/ffffff
671,Passing Fancy (Dekigokoro),794.78,http://dummyimage.com/185x100.png/5fa2dd/ffffff
672,"Fistful of Dollars, A (Per un pugno di dollari)",292.68,http://dummyimage.com/153x100.png/5fa2dd/ffffff
673,Quintet,62.12,http://dummyimage.com/156x100.png/cc0000/ffffff
674,"Lusty Men, The",292.15,http://dummyimage.com/182x100.png/ff4444/ffffff
675,Thirty-Five Something (Tout pour plaire),334.57,http://dummyimage.com/197x100.png/cc0000/ffffff
676,Suddenly,265.19,http://dummyimage.com/130x100.png/5fa2dd/ffffff
677,Night Has a Thousand Eyes,558.85,http://dummyimage.com/165x100.png/ff4444/ffffff
678,Super Capers,978.87,http://dummyimage.com/137x100.png/ff4444/ffffff
679,On the Ice,917.72,http://dummyimage.com/207x100.png/ff4444/ffffff
680,Tai Chi Master (Twin Warriors) (Tai ji: Zhang San Feng),381.36,http://dummyimage.com/100x100.png/dddddd/000000
681,You've Been Trumped,976.5,http://dummyimage.com/108x100.png/ff4444/ffffff
682,Gun Crazy (a.k.a. Deadly Is the Female),630.14,http://dummyimage.com/225x100.png/ff4444/ffffff
683,"Awful Truth, The",377.25,http://dummyimage.com/146x100.png/dddddd/000000
684,Less is More (Menos es más),173.28,http://dummyimage.com/184x100.png/cc0000/ffffff
685,Baby Take a Bow,769.9,http://dummyimage.com/118x100.png/5fa2dd/ffffff
686,Gory Gory Hallelujah,971.44,http://dummyimage.com/202x100.png/5fa2dd/ffffff
687,Giuseppe Makes a Movie,134.25,http://dummyimage.com/152x100.png/5fa2dd/ffffff
688,Dillinger,318.86,http://dummyimage.com/240x100.png/ff4444/ffffff
689,Rat Race,488.5,http://dummyimage.com/225x100.png/ff4444/ffffff
690,Brooklyn Bridge,935.27,http://dummyimage.com/153x100.png/dddddd/000000
691,Cinderella II: Dreams Come True,594.68,http://dummyimage.com/182x100.png/5fa2dd/ffffff
692,Days and Hours (Kod amidze Idriza),240.98,http://dummyimage.com/192x100.png/ff4444/ffffff
693,"Newburgh Sting, The",839.15,http://dummyimage.com/150x100.png/5fa2dd/ffffff
694,Saint Ralph,843.59,http://dummyimage.com/196x100.png/dddddd/000000
695,Hyde Park on Hudson,52.97,http://dummyimage.com/248x100.png/ff4444/ffffff
696,We Are Legion: The Story of the Hacktivists,361.04,http://dummyimage.com/241x100.png/cc0000/ffffff
697,"Matriarch, The (Lieksa!)",180.33,http://dummyimage.com/162x100.png/ff4444/ffffff
698,Playing by Heart,801.79,http://dummyimage.com/247x100.png/ff4444/ffffff
699,Berlin Calling,133.36,http://dummyimage.com/116x100.png/5fa2dd/ffffff
700,Rocky V,522.18,http://dummyimage.com/239x100.png/5fa2dd/ffffff
701,Agatha Christie's 'Ten Little Indians' (Ten Little Indians) (And Then There Were None),984.8,http://dummyimage.com/228x100.png/cc0000/ffffff
702,"Getaway, The",33.56,http://dummyimage.com/212x100.png/dddddd/000000
703,Passion Fish,488.74,http://dummyimage.com/161x100.png/5fa2dd/ffffff
704,Blast from the Past,312.85,http://dummyimage.com/220x100.png/dddddd/000000
705,Sidestreet,929.61,http://dummyimage.com/161x100.png/cc0000/ffffff
706,Getting to Know You,19.43,http://dummyimage.com/205x100.png/dddddd/000000
707,"Secret of Roan Inish, The",207.33,http://dummyimage.com/232x100.png/ff4444/ffffff
708,Midnight in Paris,876.65,http://dummyimage.com/106x100.png/cc0000/ffffff
709,"Last Call, The (Tercera Llamada)",542.17,http://dummyimage.com/104x100.png/dddddd/000000
710,"Hangover Part III, The",363.86,http://dummyimage.com/205x100.png/ff4444/ffffff
711,The Living Magoroku,118.53,http://dummyimage.com/174x100.png/cc0000/ffffff
712,I Hate Valentine's Day,628.83,http://dummyimage.com/154x100.png/ff4444/ffffff
713,"Countess, The",894.19,http://dummyimage.com/155x100.png/cc0000/ffffff
714,"Silent House, The (La casa muda)",254.45,http://dummyimage.com/227x100.png/ff4444/ffffff
715,"Full Monty, The",539.08,http://dummyimage.com/121x100.png/ff4444/ffffff
716,Busting,975.66,http://dummyimage.com/134x100.png/5fa2dd/ffffff
717,Super High Me,991.21,http://dummyimage.com/226x100.png/ff4444/ffffff
718,Blackout (Murder by Proxy),978.81,http://dummyimage.com/219x100.png/cc0000/ffffff
719,Teddy Bear (Mis),133.36,http://dummyimage.com/192x100.png/cc0000/ffffff
720,Drömkåken,584.12,http://dummyimage.com/167x100.png/cc0000/ffffff
721,Lucky Break (a.k.a. Paperback Romance),736.28,http://dummyimage.com/178x100.png/cc0000/ffffff
722,"Girl Next Door, The",977.0,http://dummyimage.com/217x100.png/cc0000/ffffff
723,Serena,806.57,http://dummyimage.com/182x100.png/5fa2dd/ffffff
724,Saraband,380.58,http://dummyimage.com/241x100.png/dddddd/000000
725,V,412.35,http://dummyimage.com/203x100.png/ff4444/ffffff
726,Chained,947.57,http://dummyimage.com/140x100.png/ff4444/ffffff
727,Serrallonga,981.17,http://dummyimage.com/112x100.png/dddddd/000000
728,A Walk in the Woods,276.74,http://dummyimage.com/110x100.png/cc0000/ffffff
729,"Fantasticks, The",207.87,http://dummyimage.com/154x100.png/cc0000/ffffff
730,Love Is a Woman (Death Is a Woman),250.13,http://dummyimage.com/228x100.png/dddddd/000000
731,His Name Was Jason: 30 Years of Friday the 13th,551.12,http://dummyimage.com/239x100.png/cc0000/ffffff
732,Coffin Rock,576.92,http://dummyimage.com/109x100.png/cc0000/ffffff
733,Confidence,234.76,http://dummyimage.com/232x100.png/cc0000/ffffff
734,Romance in a Minor Key (Romanze in Moll),860.62,http://dummyimage.com/199x100.png/ff4444/ffffff
735,Storm of the Century,844.67,http://dummyimage.com/229x100.png/ff4444/ffffff
736,"Promoter, The (Card, The)",135.76,http://dummyimage.com/149x100.png/dddddd/000000
737,Voyager (Homo Faber),523.14,http://dummyimage.com/238x100.png/cc0000/ffffff
738,Dragon Inn (Sun lung moon hak chan),16.32,http://dummyimage.com/210x100.png/cc0000/ffffff
739,American Heist,585.73,http://dummyimage.com/204x100.png/5fa2dd/ffffff
740,"Wild Parrots of Telegraph Hill, The",673.27,http://dummyimage.com/200x100.png/cc0000/ffffff
741,The Fighting 69th,83.31,http://dummyimage.com/248x100.png/5fa2dd/ffffff
742,Post Tenebras Lux,953.99,http://dummyimage.com/147x100.png/ff4444/ffffff
743,RFK Must Die: The Assassination of Bobby Kennedy,5.25,http://dummyimage.com/149x100.png/cc0000/ffffff
744,I'll Do Anything,176.08,http://dummyimage.com/107x100.png/5fa2dd/ffffff
745,The Hound of the Baskervilles,227.01,http://dummyimage.com/110x100.png/5fa2dd/ffffff
746,Fritz the Cat,678.7,http://dummyimage.com/133x100.png/ff4444/ffffff
747,Prairie Fever,458.2,http://dummyimage.com/229x100.png/dddddd/000000
748,"Wounds, The (Rane)",456.07,http://dummyimage.com/126x100.png/cc0000/ffffff
749,"Four-Faced Liar, The",270.05,http://dummyimage.com/157x100.png/cc0000/ffffff
750,"Caveman's Valentine, The",250.87,http://dummyimage.com/112x100.png/cc0000/ffffff
751,Portraits Chinois,602.4,http://dummyimage.com/195x100.png/cc0000/ffffff
752,Boyhood,567.26,http://dummyimage.com/148x100.png/ff4444/ffffff
753,"Bribe, The",540.33,http://dummyimage.com/121x100.png/dddddd/000000
754,True Colors,380.66,http://dummyimage.com/128x100.png/cc0000/ffffff
755,Winds of the Wasteland,388.26,http://dummyimage.com/249x100.png/cc0000/ffffff
756,To Sir with Love,245.75,http://dummyimage.com/187x100.png/5fa2dd/ffffff
757,"Missing Person, The",521.24,http://dummyimage.com/136x100.png/ff4444/ffffff
758,Ping Pong Summer,463.13,http://dummyimage.com/213x100.png/ff4444/ffffff
759,Mahjong (Ma jiang),21.6,http://dummyimage.com/222x100.png/5fa2dd/ffffff
760,Betsy's Wedding,986.93,http://dummyimage.com/150x100.png/ff4444/ffffff
761,Rolling Family (Familia rodante),761.44,http://dummyimage.com/110x100.png/cc0000/ffffff
762,Class,126.11,http://dummyimage.com/235x100.png/ff4444/ffffff
763,Jackass 3.5,794.41,http://dummyimage.com/243x100.png/cc0000/ffffff
764,Be Kind Rewind,982.81,http://dummyimage.com/235x100.png/dddddd/000000
765,"Moderns, The",366.35,http://dummyimage.com/205x100.png/cc0000/ffffff
766,All the King's Men,362.69,http://dummyimage.com/246x100.png/ff4444/ffffff
767,Grandmother,862.74,http://dummyimage.com/189x100.png/ff4444/ffffff
768,Moon Child,232.86,http://dummyimage.com/213x100.png/5fa2dd/ffffff
769,Who Is Killing the Great Chefs of Europe?,300.09,http://dummyimage.com/212x100.png/5fa2dd/ffffff
770,Beyond the Forest,799.98,http://dummyimage.com/158x100.png/ff4444/ffffff
771,Renoir,743.87,http://dummyimage.com/153x100.png/cc0000/ffffff
772,Fear of a Black Hat,475.79,http://dummyimage.com/145x100.png/ff4444/ffffff
773,"Collection, The",116.2,http://dummyimage.com/222x100.png/dddddd/000000
774,"Ace High (Quattro dell'Ave Maria, I)",515.02,http://dummyimage.com/157x100.png/dddddd/000000
775,Virus,159.05,http://dummyimage.com/195x100.png/cc0000/ffffff
776,Just Around the Corner,598.77,http://dummyimage.com/235x100.png/dddddd/000000
777,Whip It,513.72,http://dummyimage.com/176x100.png/dddddd/000000
778,"Hotel New Hampshire, The",582.55,http://dummyimage.com/190x100.png/dddddd/000000
779,"Planet of the Future, The",60.31,http://dummyimage.com/158x100.png/5fa2dd/ffffff
780,"Cell, The",464.91,http://dummyimage.com/128x100.png/ff4444/ffffff
781,Mission London,217.25,http://dummyimage.com/126x100.png/cc0000/ffffff
782,V2: Dead Angel (Vares 2 - Jäätynyt Enkeli),437.61,http://dummyimage.com/198x100.png/cc0000/ffffff
783,Looking for Mr. Goodbar,680.28,http://dummyimage.com/239x100.png/5fa2dd/ffffff
784,"Dangerous Lives of Altar Boys, The",503.59,http://dummyimage.com/233x100.png/ff4444/ffffff
785,Madagascar,475.47,http://dummyimage.com/193x100.png/ff4444/ffffff
786,"Square, The (Al Midan)",888.76,http://dummyimage.com/214x100.png/dddddd/000000
787,Lulu on the Bridge,36.76,http://dummyimage.com/150x100.png/dddddd/000000
788,Windows,794.53,http://dummyimage.com/230x100.png/dddddd/000000
789,Night of the Day of the Dawn of the Son of the Bride of the Return of the Terror,207.96,http://dummyimage.com/151x100.png/dddddd/000000
790,Limbo,241.66,http://dummyimage.com/154x100.png/cc0000/ffffff
791,"Cincinnati Kid, The",274.45,http://dummyimage.com/185x100.png/dddddd/000000
792,Hitler: A Film from Germany (Hitler - ein Film aus Deutschland),660.16,http://dummyimage.com/145x100.png/dddddd/000000
793,"Red and the White, The (Csillagosok, katonák)",386.26,http://dummyimage.com/127x100.png/5fa2dd/ffffff
794,Powers of Ten,764.84,http://dummyimage.com/236x100.png/5fa2dd/ffffff
795,1492: Conquest of Paradise,652.69,http://dummyimage.com/202x100.png/dddddd/000000
796,T-Rex: Back to the Cretaceous,848.07,http://dummyimage.com/228x100.png/dddddd/000000
797,"Kids Are All Right, The",184.01,http://dummyimage.com/121x100.png/ff4444/ffffff
798,Moon 44,594.28,http://dummyimage.com/165x100.png/dddddd/000000
799,"Kiss, The",411.3,http://dummyimage.com/130x100.png/ff4444/ffffff
800,B. Monkey,6.56,http://dummyimage.com/250x100.png/cc0000/ffffff
801,Justin and the Knights of Valour,523.77,http://dummyimage.com/144x100.png/cc0000/ffffff
802,Archangel,452.49,http://dummyimage.com/163x100.png/ff4444/ffffff
803,White on Rice,933.84,http://dummyimage.com/124x100.png/cc0000/ffffff
804,Aliyah (Alyah) ,659.56,http://dummyimage.com/143x100.png/dddddd/000000
805,You Can't Take It with You,862.79,http://dummyimage.com/155x100.png/5fa2dd/ffffff
806,"Film with Me in It, A",58.09,http://dummyimage.com/127x100.png/dddddd/000000
807,In Your Hands,289.63,http://dummyimage.com/185x100.png/cc0000/ffffff
808,Out of Time,471.79,http://dummyimage.com/223x100.png/dddddd/000000
809,Day & Night,97.67,http://dummyimage.com/157x100.png/dddddd/000000
810,"Mod Squad, The",459.44,http://dummyimage.com/100x100.png/5fa2dd/ffffff
811,S.W.A.T.: Firefight,393.56,http://dummyimage.com/189x100.png/ff4444/ffffff
812,Chitty Chitty Bang Bang,309.31,http://dummyimage.com/218x100.png/ff4444/ffffff
813,Gate of Flesh (Nikutai no mon),287.55,http://dummyimage.com/185x100.png/cc0000/ffffff
814,Imagine,998.78,http://dummyimage.com/206x100.png/5fa2dd/ffffff
815,Laid To Rest,180.21,http://dummyimage.com/243x100.png/dddddd/000000
816,Enemy Mine,552.13,http://dummyimage.com/178x100.png/5fa2dd/ffffff
817,Frantic,678.73,http://dummyimage.com/142x100.png/5fa2dd/ffffff
818,Father of Invention,599.71,http://dummyimage.com/161x100.png/cc0000/ffffff
819,Solaris (Solyaris),817.95,http://dummyimage.com/120x100.png/cc0000/ffffff
820,Run,300.6,http://dummyimage.com/106x100.png/5fa2dd/ffffff
821,Four Nights of a Dreamer (Quatre nuits d'un rêveur),40.89,http://dummyimage.com/242x100.png/dddddd/000000
822,Easy Wheels,529.66,http://dummyimage.com/139x100.png/5fa2dd/ffffff
823,Holes in My Shoes,786.32,http://dummyimage.com/201x100.png/ff4444/ffffff
824,Thawing Out (La fonte des neiges) ,349.4,http://dummyimage.com/189x100.png/cc0000/ffffff
825,Home of the Brave,359.33,http://dummyimage.com/202x100.png/cc0000/ffffff
826,"Fourth Angel, The",384.34,http://dummyimage.com/113x100.png/5fa2dd/ffffff
827,The Casino Murder Case,738.83,http://dummyimage.com/199x100.png/dddddd/000000
828,Saint Joan,900.36,http://dummyimage.com/122x100.png/cc0000/ffffff
829,"Lawless, The",600.31,http://dummyimage.com/123x100.png/5fa2dd/ffffff
830,Land of the Pharaohs,42.99,http://dummyimage.com/216x100.png/ff4444/ffffff
831,Xingu ,47.86,http://dummyimage.com/154x100.png/cc0000/ffffff
832,Summer Interlude (Sommarlek),895.98,http://dummyimage.com/188x100.png/dddddd/000000
833,Gummo,173.21,http://dummyimage.com/199x100.png/5fa2dd/ffffff
834,Paths of Glory,605.49,http://dummyimage.com/141x100.png/cc0000/ffffff
835,The Forgotten Woman,505.67,http://dummyimage.com/246x100.png/dddddd/000000
836,Mars Needs Moms,37.57,http://dummyimage.com/113x100.png/cc0000/ffffff
837,Young Ones,912.34,http://dummyimage.com/246x100.png/dddddd/000000
838,Fifty Pills,57.81,http://dummyimage.com/185x100.png/cc0000/ffffff
839,"No Retreat, No Surrender",33.86,http://dummyimage.com/156x100.png/5fa2dd/ffffff
840,Catch-22,766.56,http://dummyimage.com/131x100.png/dddddd/000000
841,"Good Heart, The",943.3,http://dummyimage.com/119x100.png/dddddd/000000
842,Prêt à tout,118.63,http://dummyimage.com/113x100.png/ff4444/ffffff
843,Singin' in the Rain,755.44,http://dummyimage.com/205x100.png/ff4444/ffffff
844,Heroes for Sale,847.96,http://dummyimage.com/215x100.png/ff4444/ffffff
845,Ghost in the Shell 2: Innocence (a.k.a. Innocence) (Inosensu),644.13,http://dummyimage.com/205x100.png/5fa2dd/ffffff
846,Cain and Mabel,561.08,http://dummyimage.com/239x100.png/cc0000/ffffff
847,"Lifeguard, The",90.33,http://dummyimage.com/209x100.png/dddddd/000000
848,Music Within,528.34,http://dummyimage.com/131x100.png/5fa2dd/ffffff
849,Plot of Fear,857.56,http://dummyimage.com/110x100.png/5fa2dd/ffffff
850,Homeboy,119.84,http://dummyimage.com/180x100.png/ff4444/ffffff
851,"Trip, The",520.7,http://dummyimage.com/137x100.png/dddddd/000000
852,Foreign Letters,484.71,http://dummyimage.com/213x100.png/cc0000/ffffff
853,Confessions of a Gangsta,84.5,http://dummyimage.com/194x100.png/dddddd/000000
854,Idiocracy,725.34,http://dummyimage.com/237x100.png/dddddd/000000
855,Rustlers' Rhapsody,484.68,http://dummyimage.com/176x100.png/5fa2dd/ffffff
856,Addicted,532.11,http://dummyimage.com/246x100.png/ff4444/ffffff
857,Berberian Sound Studio,561.13,http://dummyimage.com/235x100.png/dddddd/000000
858,Attenberg,404.31,http://dummyimage.com/226x100.png/cc0000/ffffff
859,Glory Daze,6.7,http://dummyimage.com/204x100.png/cc0000/ffffff
860,Brink of Life (Nära livet),699.95,http://dummyimage.com/131x100.png/dddddd/000000
861,Last Hurrah for Chivalry (Hao xia),755.41,http://dummyimage.com/160x100.png/cc0000/ffffff
862,Track of the Cat,497.66,http://dummyimage.com/112x100.png/dddddd/000000
863,"Good Night, The",689.15,http://dummyimage.com/106x100.png/5fa2dd/ffffff
864,Horton Hears a Who!,221.9,http://dummyimage.com/173x100.png/cc0000/ffffff
865,Washington Heights,27.0,http://dummyimage.com/112x100.png/cc0000/ffffff
866,Auntie Mame,293.64,http://dummyimage.com/246x100.png/cc0000/ffffff
867,Ingrid,647.05,http://dummyimage.com/135x100.png/ff4444/ffffff
868,Narrow Margin,7.47,http://dummyimage.com/217x100.png/ff4444/ffffff
869,"Like Sunday, Like Rain",969.36,http://dummyimage.com/224x100.png/cc0000/ffffff
870,"Toy, The",465.83,http://dummyimage.com/241x100.png/cc0000/ffffff
871,Kansas City,546.19,http://dummyimage.com/220x100.png/ff4444/ffffff
872,"Millionaire for Christy, A (Golden Goose) (No Room for the Groom)",971.06,http://dummyimage.com/173x100.png/dddddd/000000
873,"Emperor and the Assassin, The (Jing ke ci qin wang)",326.72,http://dummyimage.com/156x100.png/5fa2dd/ffffff
874,Intohimon vallassa,306.22,http://dummyimage.com/128x100.png/ff4444/ffffff
875,Breaking the Rules,570.42,http://dummyimage.com/139x100.png/cc0000/ffffff
876,"Strada, La",355.06,http://dummyimage.com/149x100.png/ff4444/ffffff
877,Harvest,377.54,http://dummyimage.com/130x100.png/ff4444/ffffff
878,It Runs in the Family (My Summer Story),94.55,http://dummyimage.com/117x100.png/cc0000/ffffff
879,Vanya on 42nd Street,754.88,http://dummyimage.com/243x100.png/ff4444/ffffff
880,"Strange Case of Angelica, The (O Estranho Caso de Angélica)",261.14,http://dummyimage.com/127x100.png/cc0000/ffffff
881,Trans-Europ-Express,324.28,http://dummyimage.com/184x100.png/dddddd/000000
882,The Love Letter,855.81,http://dummyimage.com/176x100.png/dddddd/000000
883,Pride & Prejudice,616.75,http://dummyimage.com/208x100.png/dddddd/000000
884,Putty Hill,390.11,http://dummyimage.com/139x100.png/5fa2dd/ffffff
885,About Adam,595.12,http://dummyimage.com/230x100.png/ff4444/ffffff
886,Dirty,423.38,http://dummyimage.com/180x100.png/ff4444/ffffff
887,Charlie Chan at the Wax Museum,263.7,http://dummyimage.com/228x100.png/cc0000/ffffff
888,His Kind of Woman,641.78,http://dummyimage.com/116x100.png/dddddd/000000
889,"Sandlot, The",224.08,http://dummyimage.com/235x100.png/5fa2dd/ffffff
890,Were the World Mine,352.63,http://dummyimage.com/126x100.png/dddddd/000000
891,Slumber Party Massacre II,394.35,http://dummyimage.com/216x100.png/ff4444/ffffff
892,W.,216.68,http://dummyimage.com/250x100.png/5fa2dd/ffffff
893,"Puppetmaster, The (Xi meng ren sheng)",8.24,http://dummyimage.com/140x100.png/dddddd/000000
894,Sansho the Bailiff (Sanshô dayû),975.91,http://dummyimage.com/153x100.png/ff4444/ffffff
895,Bronx Obama,785.37,http://dummyimage.com/221x100.png/ff4444/ffffff
896,Pearl Jam Twenty,875.82,http://dummyimage.com/214x100.png/cc0000/ffffff
897,Star Trek Into Darkness,479.48,http://dummyimage.com/132x100.png/dddddd/000000
898,"Getaway, The",296.92,http://dummyimage.com/224x100.png/5fa2dd/ffffff
899,Doughboys,360.93,http://dummyimage.com/196x100.png/dddddd/000000
900,Death Wish 3,115.14,http://dummyimage.com/247x100.png/ff4444/ffffff
901,I Love Trouble,350.99,http://dummyimage.com/200x100.png/dddddd/000000
902,Alien Nation: The Enemy Within,637.27,http://dummyimage.com/214x100.png/ff4444/ffffff
903,Thurgood,80.42,http://dummyimage.com/143x100.png/dddddd/000000
904,Random Hearts,643.35,http://dummyimage.com/182x100.png/dddddd/000000
905,Lost Youth,374.28,http://dummyimage.com/246x100.png/ff4444/ffffff
906,The Missing,676.39,http://dummyimage.com/187x100.png/ff4444/ffffff
907,Dillinger and Capone,292.82,http://dummyimage.com/168x100.png/5fa2dd/ffffff
908,Beware the Moon: Remembering 'An American Werewolf in London',805.53,http://dummyimage.com/210x100.png/ff4444/ffffff
909,"Ninja, A Band of Assassins (Shinobi No Mono)",394.16,http://dummyimage.com/162x100.png/ff4444/ffffff
910,Small Cuts (Petites coupures),406.84,http://dummyimage.com/140x100.png/5fa2dd/ffffff
911,Medora,150.84,http://dummyimage.com/158x100.png/dddddd/000000
912,"Story of Ruth, The",364.73,http://dummyimage.com/154x100.png/5fa2dd/ffffff
913,Never Been Kissed,700.45,http://dummyimage.com/192x100.png/cc0000/ffffff
914,Stations of the Cross,944.28,http://dummyimage.com/203x100.png/cc0000/ffffff
915,Fear,970.65,http://dummyimage.com/219x100.png/dddddd/000000
916,Get Educated: Paathshaala,372.23,http://dummyimage.com/101x100.png/ff4444/ffffff
917,Mother Night,391.13,http://dummyimage.com/172x100.png/cc0000/ffffff
918,"Art of Flight, The",900.3,http://dummyimage.com/216x100.png/5fa2dd/ffffff
919,American Vagabond,547.97,http://dummyimage.com/146x100.png/dddddd/000000
920,Carnal Knowledge,647.49,http://dummyimage.com/209x100.png/5fa2dd/ffffff
921,Sparrows Dance,107.08,http://dummyimage.com/197x100.png/5fa2dd/ffffff
922,"Otra Familia, La",520.86,http://dummyimage.com/219x100.png/dddddd/000000
923,Walter,709.09,http://dummyimage.com/105x100.png/cc0000/ffffff
924,Letters to Juliet,598.48,http://dummyimage.com/169x100.png/dddddd/000000
925,Soul Men,401.28,http://dummyimage.com/127x100.png/5fa2dd/ffffff
926,"Same Love, Same Rain (El mismo amor, la misma lluvia)",968.53,http://dummyimage.com/114x100.png/ff4444/ffffff
927,Frenchman's Creek,398.63,http://dummyimage.com/104x100.png/cc0000/ffffff
928,"Dudesons Movie, The",883.53,http://dummyimage.com/190x100.png/5fa2dd/ffffff
929,Pulp Fiction,65.39,http://dummyimage.com/169x100.png/5fa2dd/ffffff
930,"Armwrestler From Solitude, The (Armbryterskan från Ensamheten)",113.59,http://dummyimage.com/122x100.png/ff4444/ffffff
931,Earth vs. The Spider,897.14,http://dummyimage.com/139x100.png/dddddd/000000
932,Ironclad 2: Battle for Blood,477.09,http://dummyimage.com/217x100.png/dddddd/000000
933,Vacancy 2: The First Cut,468.45,http://dummyimage.com/188x100.png/5fa2dd/ffffff
934,Breathing Fire,895.52,http://dummyimage.com/180x100.png/ff4444/ffffff
935,Sundome,464.02,http://dummyimage.com/157x100.png/5fa2dd/ffffff
936,"Secret of the Grain, The (La graine et le mulet)",927.32,http://dummyimage.com/211x100.png/cc0000/ffffff
937,Grand Hotel,137.58,http://dummyimage.com/126x100.png/5fa2dd/ffffff
938,10 MPH,277.36,http://dummyimage.com/137x100.png/ff4444/ffffff
939,Wild Seven,90.32,http://dummyimage.com/108x100.png/ff4444/ffffff
940,Detroit Rock City,484.04,http://dummyimage.com/167x100.png/dddddd/000000
941,"Home of Our Own, A",744.98,http://dummyimage.com/188x100.png/cc0000/ffffff
942,The Cobbler,932.42,http://dummyimage.com/244x100.png/cc0000/ffffff
943,"Haunting, The",82.66,http://dummyimage.com/101x100.png/cc0000/ffffff
944,"Emperor's New Groove 2: Kronk's New Groove, The",372.56,http://dummyimage.com/226x100.png/ff4444/ffffff
945,Harrison's Flowers,599.2,http://dummyimage.com/139x100.png/cc0000/ffffff
946,"Charlie, the Lonesome Cougar",220.13,http://dummyimage.com/161x100.png/dddddd/000000
947,The Woman on Pier 13,400.57,http://dummyimage.com/135x100.png/cc0000/ffffff
948,I Dreamed of Africa,206.99,http://dummyimage.com/125x100.png/cc0000/ffffff
949,Home Room,972.01,http://dummyimage.com/144x100.png/ff4444/ffffff
950,Rings on Her Fingers,277.45,http://dummyimage.com/205x100.png/ff4444/ffffff
951,Trailer Park Boys: Live at the North Pole,434.79,http://dummyimage.com/167x100.png/5fa2dd/ffffff
952,"Burrowers, The",856.36,http://dummyimage.com/225x100.png/dddddd/000000
953,No Good Deed,752.52,http://dummyimage.com/232x100.png/cc0000/ffffff
954,Fearless,369.27,http://dummyimage.com/195x100.png/cc0000/ffffff
955,My Mother's Smile (a.k.a. The Religion Hour) (L'ora di religione) (Il sorriso di mia madre),376.11,http://dummyimage.com/139x100.png/dddddd/000000
956,Freeway,856.5,http://dummyimage.com/158x100.png/dddddd/000000
957,Blackfish,757.16,http://dummyimage.com/224x100.png/ff4444/ffffff
958,"Reivers, The",712.73,http://dummyimage.com/228x100.png/5fa2dd/ffffff
959,On the Double ,702.0,http://dummyimage.com/207x100.png/cc0000/ffffff
960,Spinning Plates,752.65,http://dummyimage.com/144x100.png/dddddd/000000
961,Patsy,599.45,http://dummyimage.com/244x100.png/5fa2dd/ffffff
962,At Play in the Fields of the Lord,25.0,http://dummyimage.com/226x100.png/cc0000/ffffff
963,Kommissarie Späck,856.66,http://dummyimage.com/240x100.png/cc0000/ffffff
964,"High Cost of Living, The",928.1,http://dummyimage.com/127x100.png/dddddd/000000
965,No Small Affair,101.27,http://dummyimage.com/106x100.png/5fa2dd/ffffff
966,Late Phases,21.39,http://dummyimage.com/233x100.png/5fa2dd/ffffff
967,"Great Ziegfeld, The",836.35,http://dummyimage.com/172x100.png/5fa2dd/ffffff
968,2012: Supernova,397.28,http://dummyimage.com/164x100.png/cc0000/ffffff
969,Flicker,630.53,http://dummyimage.com/223x100.png/cc0000/ffffff
970,Where Angels Fear to Tread,641.08,http://dummyimage.com/164x100.png/ff4444/ffffff
971,The Killers,547.21,http://dummyimage.com/233x100.png/ff4444/ffffff
972,Nico Icon,509.89,http://dummyimage.com/157x100.png/ff4444/ffffff
973,"Ah, Wilderness!",511.29,http://dummyimage.com/103x100.png/dddddd/000000
974,Dragon Ball Z: Broly Second Coming (Doragon bôru Z 10: Kiken na futari! Sûpâ senshi wa nemurenai),70.77,http://dummyimage.com/208x100.png/dddddd/000000
975,LEGO Batman: The Movie - DC Heroes Unite,713.95,http://dummyimage.com/107x100.png/cc0000/ffffff
976,Nice Guys Sleep Alone,934.61,http://dummyimage.com/115x100.png/ff4444/ffffff
977,7th Heaven (Seventh Heaven),971.11,http://dummyimage.com/233x100.png/ff4444/ffffff
978,Tin Cup,209.85,http://dummyimage.com/142x100.png/cc0000/ffffff
979,Patton Oswalt: Tragedy Plus Comedy Equals Time,524.78,http://dummyimage.com/212x100.png/cc0000/ffffff
980,Calamari Union,342.16,http://dummyimage.com/201x100.png/dddddd/000000
981,"Full Monty, The",71.56,http://dummyimage.com/200x100.png/5fa2dd/ffffff
982,"Fastest Gun Alive, The",520.63,http://dummyimage.com/224x100.png/dddddd/000000
983,Bhutto,840.37,http://dummyimage.com/116x100.png/dddddd/000000
984,Prince Avalanche,479.95,http://dummyimage.com/162x100.png/ff4444/ffffff
985,Puppet Master 4,981.56,http://dummyimage.com/187x100.png/cc0000/ffffff
986,Flodder in Amerika!,24.52,http://dummyimage.com/211x100.png/dddddd/000000
987,Zatoichi and the Chest of Gold (Zatôichi senryô-kubi) (Zatôichi 6),568.8,http://dummyimage.com/216x100.png/ff4444/ffffff
988,Love Streams,100.02,http://dummyimage.com/183x100.png/5fa2dd/ffffff
989,Jupiter's Wife,327.7,http://dummyimage.com/188x100.png/dddddd/000000
990,Eight Deadly Shots (Kahdeksan surmanluotia),39.21,http://dummyimage.com/214x100.png/dddddd/000000
991,Jesus Camp,37.32,http://dummyimage.com/193x100.png/ff4444/ffffff
992,"Invisible Ray, The",699.07,http://dummyimage.com/133x100.png/dddddd/000000
993,Hotel Chevalier (Part 1 of 'The Darjeeling Limited'),658.26,http://dummyimage.com/108x100.png/5fa2dd/ffffff
994,Studentfesten,139.71,http://dummyimage.com/139x100.png/dddddd/000000
995,Hide Your Smiling Faces,301.53,http://dummyimage.com/107x100.png/dddddd/000000
996,The Prophecy: Forsaken,570.13,http://dummyimage.com/130x100.png/cc0000/ffffff
997,Invisible Target (Naam yi boon sik),645.26,http://dummyimage.com/161x100.png/ff4444/ffffff
998,"Time Traveler's Wife, The",448.33,http://dummyimage.com/176x100.png/5fa2dd/ffffff
999,Heaven Can Wait,309.32,http://dummyimage.com/201x100.png/cc0000/ffffff
1000,My Lucky Stars (Fuk sing go jiu),533.45,http://dummyimage.com/147x100.png/5fa2dd/ffffff
